date	twee_rel	drie_rel	vier_rel	vijf_rel	zes_rel	zeven_rel	acht_rel	negen_rel	tien_rel	elf_rel	twaalf_rel	dertien_rel	veertien_rel	vijftien_rel	zestien_rel	zeventien_rel	achttien_rel	negentien_rel	twintig_rel	dertig_rel	veertig_rel	vijftig_rel	zestig_rel	zeventig_rel	tachtig_rel	negentig_rel	honderd_rel	honderdtien_rel	honderdtwintig_rel	honderddertig_rel	honderdveertig_rel	honderdvijftig_rel	honderdzestig_rel	honderdzeventig_rel	honderdtachtig_rel	honderdnegentig_rel	tweehonderd_rel
1890-12-31	0.0	0.05263157894736842	0.0	0.0	0.0	0.0	0.0	0.0	0.0	0.0	0.0	0.0	0.0	0.0	0.0	0.0	0.0	0.0	0.0	0.0	0.0	0.0	0.0	0.0	0.0	0.0	0.0	0.0	0.0	0.0	0.0	0.0	0.0	0.0	0.0	0.0	0.0
1891-12-31	0.0	0.0	0.0	0.0	0.058823529411764705	0.0	0.0	0.0	0.11764705882352941	0.0	0.058823529411764705	0.0	0.0	0.0	0.058823529411764705	0.0	0.0	0.0	0.058823529411764705	0.0	0.0	0.0	0.0	0.0	0.0	0.0	0.0	0.0	0.0	0.0	0.0	0.0	0.0	0.0	0.0	0.0	0.0
1892-12-31	0.0	0.07692307692307693	0.0	0.0	0.0	0.0	0.0	0.0	0.0	0.0	0.0	0.0	0.0	0.0	0.0	0.0	0.0	0.0	0.07692307692307693	0.0	0.0	0.0	0.0	0.0	0.0	0.0	0.23076923076923078	0.0	0.0	0.0	0.0	0.0	0.0	0.0	0.0	0.0	0.0
1893-12-31	0.09090909090909091	0.0	0.045454545454545456	0.045454545454545456	0.0	0.0	0.0	0.0	0.045454545454545456	0.0	0.0	0.0	0.0	0.0	0.0	0.0	0.0	0.0	0.09090909090909091	0.0	0.045454545454545456	0.045454545454545456	0.0	0.0	0.0	0.0	0.0	0.0	0.0	0.0	0.0	0.0	0.0	0.0	0.0	0.0	0.0
1894-12-31	0.12121212121212122	0.030303030303030304	0.0	0.06060606060606061	0.0	0.06060606060606061	0.0	0.0	0.12121212121212122	0.0	0.030303030303030304	0.0	0.06060606060606061	0.0	0.0	0.0	0.0	0.0	0.030303030303030304	0.030303030303030304	0.030303030303030304	0.0	0.0	0.0	0.0	0.0	0.0	0.0	0.0	0.0	0.0	0.0	0.0	0.0	0.0	0.0	0.0
1895-12-31	0.10256410256410256	0.07692307692307693	0.0	0.07692307692307693	0.0	0.0	0.0	0.0	0.10256410256410256	0.0	0.0	0.0	0.0	0.07692307692307693	0.0	0.0	0.0	0.0	0.15384615384615385	0.0	0.0	0.0	0.0	0.0	0.0	0.0	0.0	0.0	0.0	0.0	0.0	0.0	0.0	0.0	0.0	0.0	0.0
1896-12-31	0.14285714285714285	0.02857142857142857	0.02857142857142857	0.05714285714285714	0.02857142857142857	0.0	0.0	0.0	0.02857142857142857	0.02857142857142857	0.0	0.0	0.0	0.02857142857142857	0.0	0.0	0.0	0.0	0.05714285714285714	0.02857142857142857	0.0	0.02857142857142857	0.02857142857142857	0.0	0.0	0.0	0.02857142857142857	0.0	0.0	0.0	0.0	0.0	0.0	0.0	0.0	0.0	0.0
1897-12-31	0.08695652173913043	0.043478260869565216	0.08695652173913043	0.0	0.0	0.0	0.043478260869565216	0.0	0.043478260869565216	0.0	0.0	0.0	0.0	0.0	0.0	0.0	0.0	0.0	0.08695652173913043	0.0	0.0	0.0	0.0	0.0	0.0	0.0	0.0	0.0	0.0	0.0	0.0	0.0	0.0	0.0	0.0	0.0	0.0
1898-12-31	0.21875	0.09375	0.03125	0.0	0.0625	0.0	0.0	0.0	0.125	0.0	0.0	0.0	0.03125	0.0	0.0	0.0	0.0	0.0	0.0	0.0	0.0	0.0	0.0	0.0	0.0	0.0	0.0	0.0	0.0	0.0	0.0	0.0	0.0	0.0	0.0	0.0	0.0
1899-12-31	0.06060606060606061	0.0	0.030303030303030304	0.06060606060606061	0.0	0.0	0.030303030303030304	0.0	0.12121212121212122	0.0	0.030303030303030304	0.0	0.0	0.06060606060606061	0.0	0.0	0.030303030303030304	0.0	0.15151515151515152	0.030303030303030304	0.0	0.0	0.0	0.0	0.0	0.0	0.030303030303030304	0.0	0.0	0.0	0.0	0.0	0.0	0.0	0.0	0.0	0.0
1900-12-31	0.07407407407407407	0.0	0.0	0.0	0.0	0.037037037037037035	0.0	0.0	0.1111111111111111	0.0	0.0	0.0	0.0	0.0	0.0	0.0	0.0	0.0	0.1111111111111111	0.0	0.07407407407407407	0.0	0.0	0.0	0.0	0.0	0.0	0.0	0.0	0.0	0.0	0.0	0.0	0.0	0.0	0.0	0.0
1901-12-31	0.021739130434782608	0.0	0.043478260869565216	0.021739130434782608	0.021739130434782608	0.0	0.021739130434782608	0.0	0.043478260869565216	0.0	0.0	0.0	0.0	0.0	0.0	0.0	0.0	0.0	0.06521739130434782	0.0	0.0	0.021739130434782608	0.0	0.0	0.0	0.0	0.0	0.0	0.0	0.0	0.0	0.0	0.0	0.0	0.0	0.0	0.0
1902-12-31	0.07894736842105263	0.05263157894736842	0.02631578947368421	0.02631578947368421	0.0	0.02631578947368421	0.0	0.0	0.02631578947368421	0.0	0.0	0.0	0.0	0.0	0.0	0.0	0.0	0.0	0.05263157894736842	0.0	0.0	0.0	0.0	0.0	0.0	0.0	0.05263157894736842	0.0	0.0	0.0	0.0	0.0	0.0	0.0	0.0	0.0	0.0
1903-12-31	0.12121212121212122	0.06060606060606061	0.09090909090909091	0.030303030303030304	0.030303030303030304	0.0	0.0	0.0	0.030303030303030304	0.0	0.0	0.0	0.0	0.0	0.0	0.0	0.0	0.0	0.0	0.0	0.030303030303030304	0.030303030303030304	0.0	0.0	0.0	0.0	0.030303030303030304	0.0	0.0	0.0	0.0	0.0	0.0	0.0	0.0	0.0	0.0
1904-12-31	0.03571428571428571	0.03571428571428571	0.0	0.0	0.0	0.0	0.0	0.0	0.0	0.0	0.0	0.0	0.0	0.0	0.0	0.0	0.0	0.0	0.17857142857142858	0.0	0.03571428571428571	0.0	0.0	0.0	0.03571428571428571	0.0	0.07142857142857142	0.0	0.0	0.0	0.0	0.0	0.0	0.0	0.0	0.0	0.0
1905-12-31	0.034482758620689655	0.06896551724137931	0.0	0.034482758620689655	0.034482758620689655	0.0	0.0	0.0	0.0	0.0	0.0	0.0	0.0	0.0	0.0	0.0	0.0	0.0	0.10344827586206896	0.034482758620689655	0.0	0.0	0.034482758620689655	0.0	0.0	0.0	0.034482758620689655	0.0	0.0	0.0	0.0	0.0	0.0	0.0	0.0	0.0	0.0
1906-12-31	0.1	0.05	0.025	0.0	0.0	0.025	0.0	0.0	0.025	0.0	0.0	0.0	0.0	0.0	0.0	0.0	0.0	0.0	0.075	0.05	0.0	0.0	0.0	0.025	0.0	0.0	0.0	0.0	0.0	0.0	0.0	0.0	0.0	0.0	0.0	0.0	0.0
1907-12-31	0.0	0.017241379310344827	0.08620689655172414	0.06896551724137931	0.0	0.0	0.034482758620689655	0.0	0.05172413793103448	0.0	0.05172413793103448	0.0	0.0	0.0	0.0	0.0	0.017241379310344827	0.0	0.034482758620689655	0.034482758620689655	0.017241379310344827	0.017241379310344827	0.0	0.0	0.0	0.0	0.0	0.0	0.0	0.0	0.0	0.0	0.0	0.0	0.0	0.0	0.0
1908-12-31	0.04411764705882353	0.04411764705882353	0.029411764705882353	0.014705882352941176	0.0	0.014705882352941176	0.014705882352941176	0.04411764705882353	0.04411764705882353	0.0	0.0	0.0	0.0	0.0	0.0	0.0	0.0	0.0	0.08823529411764706	0.014705882352941176	0.014705882352941176	0.0	0.0	0.014705882352941176	0.0	0.0	0.014705882352941176	0.0	0.0	0.0	0.0	0.0	0.0	0.0	0.0	0.0	0.0
1909-12-31	0.10416666666666667	0.0	0.020833333333333332	0.020833333333333332	0.0625	0.0	0.0	0.020833333333333332	0.0625	0.0	0.0	0.0	0.0	0.0	0.041666666666666664	0.0	0.0	0.0	0.041666666666666664	0.020833333333333332	0.020833333333333332	0.020833333333333332	0.020833333333333332	0.0	0.0	0.0	0.020833333333333332	0.0	0.0	0.0	0.0	0.0	0.0	0.0	0.0	0.0	0.0
1910-12-31	0.07017543859649122	0.05263157894736842	0.017543859649122806	0.07017543859649122	0.017543859649122806	0.0	0.017543859649122806	0.0	0.08771929824561403	0.0	0.017543859649122806	0.0	0.0	0.017543859649122806	0.0	0.0	0.017543859649122806	0.0	0.10526315789473684	0.017543859649122806	0.0	0.017543859649122806	0.0	0.0	0.0	0.0	0.03508771929824561	0.0	0.0	0.0	0.0	0.0	0.0	0.0	0.0	0.0	0.0
1911-12-31	0.07142857142857142	0.03571428571428571	0.017857142857142856	0.05357142857142857	0.0	0.0	0.03571428571428571	0.0	0.08928571428571429	0.0	0.0	0.0	0.017857142857142856	0.017857142857142856	0.0	0.0	0.017857142857142856	0.0	0.03571428571428571	0.017857142857142856	0.017857142857142856	0.017857142857142856	0.0	0.0	0.0	0.0	0.0	0.0	0.0	0.0	0.0	0.0	0.0	0.0	0.0	0.0	0.0
1912-12-31	0.07407407407407407	0.0	0.0	0.0	0.018518518518518517	0.018518518518518517	0.0	0.0	0.018518518518518517	0.0	0.0	0.0	0.0	0.0	0.0	0.0	0.0	0.0	0.037037037037037035	0.018518518518518517	0.037037037037037035	0.0	0.0	0.0	0.0	0.0	0.018518518518518517	0.0	0.0	0.0	0.0	0.0	0.0	0.0	0.0	0.0	0.0
1913-12-31	0.028985507246376812	0.0	0.014492753623188406	0.08695652173913043	0.0	0.0	0.0	0.0	0.043478260869565216	0.0	0.0	0.0	0.014492753623188406	0.014492753623188406	0.0	0.0	0.0	0.0	0.028985507246376812	0.014492753623188406	0.0	0.0	0.0	0.0	0.0	0.0	0.0	0.0	0.0	0.0	0.0	0.0	0.0	0.0	0.0	0.0	0.0
1914-12-31	0.1	0.0	0.0	0.0	0.0	0.0	0.0	0.0	0.0	0.0	0.0	0.0	0.0	0.0	0.0	0.0	0.0	0.0	0.1	0.0	0.0	0.0	0.0	0.0	0.0	0.0	0.0	0.0	0.0	0.0	0.0	0.0	0.0	0.0	0.0	0.0	0.0
1915-12-31	0.09259259259259259	0.0	0.0	0.09259259259259259	0.018518518518518517	0.0	0.0	0.0	0.037037037037037035	0.0	0.0	0.0	0.0	0.018518518518518517	0.0	0.0	0.0	0.0	0.05555555555555555	0.037037037037037035	0.018518518518518517	0.037037037037037035	0.0	0.0	0.0	0.0	0.018518518518518517	0.0	0.0	0.0	0.0	0.0	0.0	0.0	0.0	0.0	0.0
1916-12-31	0.06976744186046512	0.06976744186046512	0.0	0.06976744186046512	0.046511627906976744	0.0	0.0	0.0	0.046511627906976744	0.0	0.0	0.0	0.0	0.046511627906976744	0.0	0.0	0.0	0.0	0.023255813953488372	0.0	0.0	0.0	0.0	0.0	0.0	0.0	0.0	0.0	0.0	0.0	0.0	0.0	0.0	0.0	0.0	0.0	0.0
1917-12-31	0.030303030303030304	0.09090909090909091	0.06060606060606061	0.0	0.0	0.030303030303030304	0.0	0.0	0.0	0.0	0.0	0.0	0.0	0.0	0.0	0.0	0.0	0.0	0.030303030303030304	0.030303030303030304	0.030303030303030304	0.0	0.0	0.0	0.0	0.0	0.0	0.0	0.0	0.0	0.0	0.0	0.0	0.0	0.0	0.0	0.0
1918-12-31	0.03571428571428571	0.0	0.0	0.03571428571428571	0.0	0.0	0.0	0.0	0.07142857142857142	0.0	0.0	0.0	0.0	0.0	0.0	0.0	0.0	0.0	0.03571428571428571	0.0	0.0	0.0	0.0	0.0	0.0	0.0	0.0	0.0	0.0	0.0	0.0	0.0	0.0	0.0	0.0	0.0	0.0
1919-12-31	0.0	0.047619047619047616	0.0	0.0	0.0	0.0	0.0	0.0	0.0	0.0	0.047619047619047616	0.0	0.0	0.0	0.0	0.0	0.0	0.0	0.0	0.047619047619047616	0.0	0.0	0.0	0.0	0.0	0.0	0.0	0.0	0.0	0.0	0.0	0.0	0.0	0.0	0.0	0.0	0.0
1920-12-31	0.03125	0.0	0.0	0.0	0.03125	0.0	0.0	0.0	0.0625	0.0	0.0	0.03125	0.0	0.0	0.0	0.0	0.0	0.0	0.0	0.0	0.03125	0.0	0.0	0.0	0.0	0.0	0.03125	0.0	0.0	0.0	0.0	0.0	0.0	0.0	0.0	0.0	0.0
1921-12-31	0.0	0.04878048780487805	0.07317073170731707	0.0	0.0	0.0	0.0	0.0	0.0	0.0	0.0	0.0	0.0	0.0	0.0	0.0	0.0	0.0	0.024390243902439025	0.024390243902439025	0.0	0.0	0.0	0.0	0.0	0.0	0.024390243902439025	0.0	0.0	0.0	0.0	0.0	0.0	0.0	0.0	0.0	0.0
1922-12-31	0.07142857142857142	0.023809523809523808	0.047619047619047616	0.023809523809523808	0.0	0.0	0.023809523809523808	0.047619047619047616	0.0	0.0	0.0	0.0	0.0	0.0	0.0	0.0	0.0	0.0	0.0	0.047619047619047616	0.0	0.0	0.0	0.0	0.0	0.0	0.09523809523809523	0.0	0.0	0.0	0.0	0.0	0.0	0.0	0.0	0.0	0.0
1923-12-31	0.09259259259259259	0.0	0.018518518518518517	0.018518518518518517	0.018518518518518517	0.0	0.0	0.0	0.018518518518518517	0.0	0.0	0.0	0.0	0.0	0.018518518518518517	0.0	0.0	0.0	0.09259259259259259	0.018518518518518517	0.018518518518518517	0.0	0.0	0.0	0.0	0.0	0.037037037037037035	0.0	0.0	0.0	0.0	0.0	0.0	0.0	0.0	0.0	0.0
1924-12-31	0.05063291139240506	0.012658227848101266	0.0	0.0379746835443038	0.0	0.0	0.0	0.012658227848101266	0.05063291139240506	0.0	0.0	0.0	0.0	0.012658227848101266	0.0	0.0	0.0	0.0	0.05063291139240506	0.0	0.012658227848101266	0.012658227848101266	0.0	0.0	0.0	0.0	0.012658227848101266	0.0	0.0	0.0	0.0	0.0	0.0	0.0	0.0	0.0	0.0
1925-12-31	0.014285714285714285	0.02857142857142857	0.07142857142857142	0.02857142857142857	0.0	0.014285714285714285	0.0	0.0	0.05714285714285714	0.0	0.0	0.0	0.0	0.02857142857142857	0.0	0.0	0.0	0.0	0.04285714285714286	0.014285714285714285	0.014285714285714285	0.0	0.0	0.0	0.0	0.0	0.014285714285714285	0.0	0.0	0.0	0.0	0.0	0.0	0.0	0.0	0.0	0.0
1926-12-31	0.05555555555555555	0.041666666666666664	0.0	0.027777777777777776	0.0	0.0	0.0	0.0	0.027777777777777776	0.013888888888888888	0.0	0.0	0.0	0.0	0.0	0.0	0.0	0.0	0.027777777777777776	0.027777777777777776	0.027777777777777776	0.0	0.0	0.0	0.0	0.0	0.041666666666666664	0.0	0.0	0.0	0.0	0.0	0.0	0.0	0.0	0.0	0.0
1927-12-31	0.058823529411764705	0.0	0.0	0.0196078431372549	0.0196078431372549	0.0	0.0	0.0	0.058823529411764705	0.0	0.0	0.0	0.0	0.0196078431372549	0.0	0.0	0.0	0.0	0.058823529411764705	0.0392156862745098	0.0196078431372549	0.0	0.0	0.0	0.0	0.0	0.0392156862745098	0.0	0.0	0.0	0.0	0.0	0.0	0.0	0.0	0.0	0.0
1928-12-31	0.057692307692307696	0.009615384615384616	0.038461538461538464	0.009615384615384616	0.009615384615384616	0.019230769230769232	0.0	0.0	0.0673076923076923	0.0	0.0	0.0	0.0	0.0	0.0	0.0	0.0	0.0	0.038461538461538464	0.019230769230769232	0.038461538461538464	0.009615384615384616	0.0	0.009615384615384616	0.0	0.0	0.038461538461538464	0.0	0.0	0.0	0.0	0.0	0.0	0.0	0.0	0.0	0.0
1929-12-31	0.05454545454545454	0.06363636363636363	0.0	0.03636363636363636	0.0	0.00909090909090909	0.0	0.00909090909090909	0.02727272727272727	0.0	0.0	0.0	0.0	0.00909090909090909	0.0	0.0	0.0	0.00909090909090909	0.03636363636363636	0.0	0.02727272727272727	0.02727272727272727	0.0	0.0	0.0	0.0	0.045454545454545456	0.0	0.0	0.0	0.0	0.0	0.0	0.0	0.0	0.0	0.0
1930-12-31	0.03333333333333333	0.022222222222222223	0.011111111111111112	0.1	0.011111111111111112	0.011111111111111112	0.0	0.011111111111111112	0.03333333333333333	0.0	0.011111111111111112	0.0	0.0	0.011111111111111112	0.0	0.0	0.0	0.0	0.044444444444444446	0.0	0.022222222222222223	0.022222222222222223	0.0	0.011111111111111112	0.0	0.0	0.022222222222222223	0.0	0.0	0.0	0.0	0.011111111111111112	0.0	0.0	0.0	0.0	0.0
1931-12-31	0.07777777777777778	0.0	0.0	0.022222222222222223	0.03333333333333333	0.011111111111111112	0.011111111111111112	0.0	0.06666666666666667	0.0	0.0	0.0	0.0	0.0	0.0	0.0	0.011111111111111112	0.0	0.03333333333333333	0.03333333333333333	0.044444444444444446	0.011111111111111112	0.022222222222222223	0.0	0.011111111111111112	0.0	0.05555555555555555	0.0	0.0	0.0	0.0	0.0	0.0	0.0	0.0	0.0	0.0
1932-12-31	0.07692307692307693	0.055944055944055944	0.02097902097902098	0.027972027972027972	0.013986013986013986	0.03496503496503497	0.006993006993006993	0.006993006993006993	0.04195804195804196	0.0	0.006993006993006993	0.0	0.02097902097902098	0.0	0.0	0.0	0.0	0.0	0.02097902097902098	0.013986013986013986	0.013986013986013986	0.02097902097902098	0.0	0.0	0.0	0.0	0.02097902097902098	0.0	0.0	0.0	0.0	0.0	0.0	0.0	0.0	0.0	0.0
1933-12-31	0.029411764705882353	0.03676470588235294	0.007352941176470588	0.029411764705882353	0.029411764705882353	0.007352941176470588	0.007352941176470588	0.0	0.022058823529411766	0.007352941176470588	0.0	0.0	0.007352941176470588	0.0	0.0	0.0	0.0	0.0	0.04411764705882353	0.007352941176470588	0.014705882352941176	0.0	0.007352941176470588	0.0	0.0	0.0	0.014705882352941176	0.0	0.0	0.0	0.0	0.0	0.0	0.0	0.0	0.0	0.0
1934-12-31	0.056	0.024	0.016	0.048	0.0	0.0	0.008	0.008	0.04	0.0	0.0	0.0	0.0	0.016	0.0	0.0	0.0	0.0	0.024	0.0	0.008	0.0	0.0	0.0	0.0	0.0	0.016	0.0	0.0	0.0	0.0	0.0	0.0	0.0	0.0	0.0	0.0
1935-12-31	0.0641025641025641	0.02564102564102564	0.038461538461538464	0.05128205128205128	0.01282051282051282	0.0	0.0	0.0	0.02564102564102564	0.0	0.0	0.0	0.0	0.01282051282051282	0.0	0.0	0.0	0.0	0.02564102564102564	0.038461538461538464	0.038461538461538464	0.02564102564102564	0.01282051282051282	0.0	0.0	0.0	0.02564102564102564	0.0	0.0	0.0	0.0	0.0	0.0	0.0	0.0	0.0	0.0
1936-12-31	0.0970873786407767	0.009708737864077669	0.009708737864077669	0.08737864077669903	0.02912621359223301	0.019417475728155338	0.0	0.0	0.07766990291262135	0.0	0.009708737864077669	0.0	0.0	0.019417475728155338	0.0	0.009708737864077669	0.0	0.0	0.019417475728155338	0.009708737864077669	0.0	0.02912621359223301	0.019417475728155338	0.0	0.0	0.0	0.038834951456310676	0.0	0.0	0.0	0.0	0.0	0.0	0.0	0.0	0.0	0.009708737864077669
1937-12-31	0.04519774011299435	0.011299435028248588	0.011299435028248588	0.03954802259887006	0.005649717514124294	0.01694915254237288	0.0	0.005649717514124294	0.011299435028248588	0.0	0.011299435028248588	0.0	0.0	0.005649717514124294	0.005649717514124294	0.0	0.0	0.0	0.011299435028248588	0.011299435028248588	0.01694915254237288	0.022598870056497175	0.0	0.005649717514124294	0.005649717514124294	0.0	0.02824858757062147	0.0	0.0	0.0	0.0	0.0	0.0	0.0	0.0	0.0	0.0
1938-12-31	0.06222222222222222	0.02666666666666667	0.022222222222222223	0.044444444444444446	0.008888888888888889	0.008888888888888889	0.0044444444444444444	0.013333333333333334	0.057777777777777775	0.0	0.0	0.0	0.0044444444444444444	0.013333333333333334	0.0	0.0	0.0	0.008888888888888889	0.035555555555555556	0.022222222222222223	0.008888888888888889	0.02666666666666667	0.008888888888888889	0.0	0.0044444444444444444	0.0	0.044444444444444446	0.0	0.0	0.0	0.0	0.0044444444444444444	0.0	0.0	0.0	0.0	0.0
1939-12-31	0.05913978494623656	0.010752688172043012	0.005376344086021506	0.043010752688172046	0.03225806451612903	0.016129032258064516	0.0	0.010752688172043012	0.03225806451612903	0.005376344086021506	0.0	0.0	0.005376344086021506	0.0	0.005376344086021506	0.0	0.0	0.0	0.06451612903225806	0.010752688172043012	0.016129032258064516	0.021505376344086023	0.016129032258064516	0.005376344086021506	0.0	0.0	0.043010752688172046	0.0	0.0	0.0	0.0	0.005376344086021506	0.0	0.0	0.0	0.0	0.0
1940-12-31	0.07894736842105263	0.05263157894736842	0.02631578947368421	0.039473684210526314	0.013157894736842105	0.05263157894736842	0.0	0.0	0.05263157894736842	0.0	0.0	0.013157894736842105	0.0	0.013157894736842105	0.013157894736842105	0.0	0.0	0.0	0.039473684210526314	0.013157894736842105	0.013157894736842105	0.013157894736842105	0.0	0.013157894736842105	0.0	0.0	0.013157894736842105	0.0	0.0	0.0	0.0	0.0	0.0	0.0	0.0	0.0	0.0
1941-12-31	0.06349206349206349	0.031746031746031744	0.0	0.07936507936507936	0.015873015873015872	0.015873015873015872	0.0	0.0	0.031746031746031744	0.0	0.0	0.0	0.0	0.0	0.0	0.0	0.0	0.0	0.015873015873015872	0.031746031746031744	0.0	0.031746031746031744	0.0	0.0	0.0	0.0	0.0	0.0	0.0	0.0	0.0	0.0	0.0	0.0	0.0	0.0	0.0
1942-12-31	0.125	0.0	0.0	0.0625	0.0	0.0	0.0	0.0	0.0	0.0	0.0	0.0	0.0	0.0	0.0	0.0	0.0	0.0	0.0625	0.0	0.0	0.0625	0.0	0.0	0.0	0.0	0.0625	0.0	0.0	0.0	0.0	0.0	0.0	0.0	0.0	0.0	0.0
1943-12-31																																					
1944-12-31																																					
1945-12-31																																					
1946-12-31																																					
1947-12-31	0.13793103448275862	0.0	0.0	0.017241379310344827	0.034482758620689655	0.017241379310344827	0.034482758620689655	0.0	0.034482758620689655	0.0	0.0	0.0	0.0	0.017241379310344827	0.0	0.0	0.0	0.0	0.0	0.017241379310344827	0.0	0.0	0.034482758620689655	0.0	0.0	0.0	0.034482758620689655	0.0	0.0	0.0	0.0	0.0	0.0	0.0	0.0	0.0	0.0
1948-12-31	0.07894736842105263	0.0	0.0	0.10526315789473684	0.0	0.05263157894736842	0.0	0.02631578947368421	0.05263157894736842	0.0	0.0	0.0	0.0	0.0	0.0	0.0	0.0	0.0	0.0	0.0	0.02631578947368421	0.05263157894736842	0.0	0.02631578947368421	0.0	0.0	0.02631578947368421	0.0	0.0	0.0	0.0	0.0	0.0	0.0	0.0	0.0	0.0
1949-12-31	0.05825242718446602	0.019417475728155338	0.009708737864077669	0.06796116504854369	0.009708737864077669	0.009708737864077669	0.009708737864077669	0.0	0.009708737864077669	0.009708737864077669	0.019417475728155338	0.0	0.0	0.0	0.0	0.0	0.0	0.0	0.02912621359223301	0.04854368932038835	0.05825242718446602	0.04854368932038835	0.009708737864077669	0.0	0.0	0.0	0.04854368932038835	0.0	0.0	0.0	0.0	0.0	0.0	0.0	0.0	0.0	0.0
1950-12-31	0.14705882352941177	0.0	0.0	0.09803921568627451	0.0392156862745098	0.00980392156862745	0.0	0.00980392156862745	0.0784313725490196	0.0	0.0	0.0	0.0	0.0392156862745098	0.00980392156862745	0.0	0.0	0.00980392156862745	0.0392156862745098	0.00980392156862745	0.029411764705882353	0.0392156862745098	0.00980392156862745	0.00980392156862745	0.0	0.0	0.0392156862745098	0.0	0.0	0.0	0.0	0.0	0.0	0.0	0.0	0.0	0.0
1951-12-31	0.05504587155963303	0.03669724770642202	0.009174311926605505	0.11009174311926606	0.03669724770642202	0.01834862385321101	0.009174311926605505	0.0	0.045871559633027525	0.0	0.0	0.0	0.009174311926605505	0.027522935779816515	0.0	0.0	0.0	0.0	0.01834862385321101	0.03669724770642202	0.009174311926605505	0.05504587155963303	0.01834862385321101	0.01834862385321101	0.009174311926605505	0.0	0.045871559633027525	0.0	0.0	0.0	0.0	0.0	0.0	0.0	0.0	0.0	0.0
1952-12-31	0.09219858156028368	0.03546099290780142	0.0070921985815602835	0.09219858156028368	0.028368794326241134	0.0	0.0	0.0070921985815602835	0.07801418439716312	0.0	0.02127659574468085	0.0070921985815602835	0.0	0.0	0.0070921985815602835	0.0	0.0	0.0070921985815602835	0.02127659574468085	0.028368794326241134	0.03546099290780142	0.06382978723404255	0.014184397163120567	0.0	0.02127659574468085	0.0	0.05673758865248227	0.0	0.0	0.0	0.0	0.0	0.0	0.0	0.0	0.0	0.0070921985815602835
1953-12-31	0.1	0.038461538461538464	0.0	0.038461538461538464	0.06153846153846154	0.023076923076923078	0.0	0.007692307692307693	0.06153846153846154	0.007692307692307693	0.0	0.0	0.0	0.007692307692307693	0.007692307692307693	0.0	0.0	0.0	0.06153846153846154	0.015384615384615385	0.046153846153846156	0.015384615384615385	0.046153846153846156	0.015384615384615385	0.0	0.0	0.06923076923076923	0.015384615384615385	0.0	0.0	0.0	0.0	0.0	0.0	0.0	0.0	0.015384615384615385
1954-12-31	0.0661764705882353	0.022058823529411766	0.04411764705882353	0.029411764705882353	0.04411764705882353	0.029411764705882353	0.0	0.007352941176470588	0.051470588235294115	0.0	0.0	0.007352941176470588	0.0	0.014705882352941176	0.0	0.0	0.0	0.0	0.07352941176470588	0.014705882352941176	0.03676470588235294	0.007352941176470588	0.022058823529411766	0.022058823529411766	0.007352941176470588	0.0	0.058823529411764705	0.0	0.0	0.0	0.0	0.0	0.0	0.0	0.0	0.0	0.0
1955-12-31	0.13580246913580246	0.024691358024691357	0.030864197530864196	0.08641975308641975	0.05555555555555555	0.006172839506172839	0.0	0.0	0.08024691358024691	0.012345679012345678	0.0	0.0	0.012345679012345678	0.006172839506172839	0.0	0.006172839506172839	0.0	0.0	0.018518518518518517	0.018518518518518517	0.043209876543209874	0.06172839506172839	0.024691358024691357	0.0	0.0	0.0	0.04938271604938271	0.0	0.0	0.0	0.0	0.0	0.0	0.0	0.0	0.0	0.006172839506172839
1956-12-31	0.0736196319018405	0.03680981595092025	0.049079754601226995	0.08588957055214724	0.03680981595092025	0.006134969325153374	0.018404907975460124	0.0	0.06134969325153374	0.0	0.0	0.0	0.006134969325153374	0.006134969325153374	0.006134969325153374	0.0	0.0	0.0	0.012269938650306749	0.03067484662576687	0.03067484662576687	0.049079754601226995	0.006134969325153374	0.006134969325153374	0.0	0.0	0.024539877300613498	0.0	0.0	0.0	0.0	0.0	0.0	0.0	0.0	0.0	0.006134969325153374
1957-12-31	0.11038961038961038	0.05844155844155844	0.025974025974025976	0.05194805194805195	0.045454545454545456	0.012987012987012988	0.01948051948051948	0.006493506493506494	0.05844155844155844	0.0	0.01948051948051948	0.006493506493506494	0.006493506493506494	0.006493506493506494	0.0	0.0	0.0	0.0	0.03896103896103896	0.032467532467532464	0.045454545454545456	0.032467532467532464	0.006493506493506494	0.006493506493506494	0.006493506493506494	0.0	0.03896103896103896	0.0	0.0	0.0	0.0	0.0	0.0	0.0	0.0	0.0	0.012987012987012988
1958-12-31	0.09248554913294797	0.028901734104046242	0.03468208092485549	0.046242774566473986	0.011560693641618497	0.0	0.011560693641618497	0.005780346820809248	0.04046242774566474	0.0	0.011560693641618497	0.0	0.005780346820809248	0.005780346820809248	0.005780346820809248	0.0	0.0	0.0	0.028901734104046242	0.028901734104046242	0.028901734104046242	0.017341040462427744	0.005780346820809248	0.0	0.005780346820809248	0.0	0.023121387283236993	0.0	0.0	0.0	0.0	0.0	0.0	0.0	0.0	0.0	0.0
1959-12-31	0.11170212765957446	0.03723404255319149	0.02127659574468085	0.03723404255319149	0.026595744680851064	0.0	0.015957446808510637	0.010638297872340425	0.09042553191489362	0.0	0.005319148936170213	0.005319148936170213	0.015957446808510637	0.0	0.0	0.0	0.005319148936170213	0.005319148936170213	0.026595744680851064	0.031914893617021274	0.031914893617021274	0.02127659574468085	0.010638297872340425	0.0	0.0	0.0	0.026595744680851064	0.0	0.0	0.0	0.0	0.0	0.0	0.0	0.0	0.0	0.005319148936170213
1960-12-31	0.0845771144278607	0.03980099502487562	0.009950248756218905	0.06467661691542288	0.03482587064676617	0.01990049751243781	0.004975124378109453	0.004975124378109453	0.08955223880597014	0.009950248756218905	0.01990049751243781	0.0	0.0	0.03482587064676617	0.0	0.0	0.0	0.0	0.04477611940298507	0.014925373134328358	0.029850746268656716	0.014925373134328358	0.0	0.004975124378109453	0.0	0.0	0.024875621890547265	0.0	0.0	0.0	0.0	0.0	0.0	0.0	0.0	0.0	0.0
1961-12-31	0.11848341232227488	0.052132701421800945	0.009478672985781991	0.07582938388625593	0.037914691943127965	0.018957345971563982	0.0	0.0	0.0947867298578199	0.0	0.009478672985781991	0.004739336492890996	0.0	0.004739336492890996	0.004739336492890996	0.0	0.0	0.0	0.0	0.018957345971563982	0.009478672985781991	0.018957345971563982	0.009478672985781991	0.009478672985781991	0.0	0.0	0.037914691943127965	0.0	0.0	0.0	0.0	0.0	0.0	0.0	0.0	0.0	0.004739336492890996
1962-12-31	0.041884816753926704	0.041884816753926704	0.02617801047120419	0.05235602094240838	0.020942408376963352	0.04712041884816754	0.015706806282722512	0.005235602094240838	0.05235602094240838	0.010471204188481676	0.010471204188481676	0.005235602094240838	0.005235602094240838	0.0	0.0	0.015706806282722512	0.005235602094240838	0.0	0.005235602094240838	0.04712041884816754	0.015706806282722512	0.02617801047120419	0.005235602094240838	0.020942408376963352	0.010471204188481676	0.0	0.02617801047120419	0.0	0.0	0.0	0.0	0.0	0.0	0.0	0.0	0.0	0.0
1963-12-31	0.06896551724137931	0.06896551724137931	0.009852216748768473	0.054187192118226604	0.034482758620689655	0.014778325123152709	0.0	0.0049261083743842365	0.07881773399014778	0.0049261083743842365	0.0049261083743842365	0.0	0.0	0.014778325123152709	0.0	0.0	0.0	0.0	0.06403940886699508	0.024630541871921183	0.014778325123152709	0.024630541871921183	0.024630541871921183	0.0	0.0	0.0	0.054187192118226604	0.0	0.0	0.0	0.0	0.0	0.0	0.0	0.0	0.0	0.0
1964-12-31	0.10679611650485436	0.06310679611650485	0.03398058252427184	0.07281553398058252	0.0048543689320388345	0.03398058252427184	0.014563106796116505	0.0048543689320388345	0.07281553398058252	0.0048543689320388345	0.009708737864077669	0.0	0.0	0.0048543689320388345	0.0	0.0	0.0	0.0	0.05825242718446602	0.014563106796116505	0.02912621359223301	0.024271844660194174	0.0	0.009708737864077669	0.0	0.0048543689320388345	0.04854368932038835	0.0	0.0	0.0	0.0	0.009708737864077669	0.0	0.0	0.0	0.0	0.009708737864077669
1965-12-31	0.049019607843137254	0.06372549019607843	0.058823529411764705	0.08333333333333333	0.029411764705882353	0.03431372549019608	0.00980392156862745	0.004901960784313725	0.10294117647058823	0.0	0.00980392156862745	0.00980392156862745	0.0	0.00980392156862745	0.004901960784313725	0.00980392156862745	0.004901960784313725	0.0	0.03431372549019608	0.0196078431372549	0.05392156862745098	0.029411764705882353	0.00980392156862745	0.004901960784313725	0.0	0.0	0.029411764705882353	0.0	0.0	0.0	0.0	0.0	0.0	0.0	0.0	0.0	0.0
1966-12-31	0.11206896551724138	0.06896551724137931	0.04741379310344827	0.04741379310344827	0.021551724137931036	0.03017241379310345	0.004310344827586207	0.004310344827586207	0.06465517241379311	0.004310344827586207	0.01293103448275862	0.004310344827586207	0.004310344827586207	0.008620689655172414	0.0	0.004310344827586207	0.0	0.0	0.04741379310344827	0.021551724137931036	0.017241379310344827	0.01293103448275862	0.008620689655172414	0.017241379310344827	0.004310344827586207	0.0	0.05603448275862069	0.0	0.0	0.0	0.0	0.008620689655172414	0.0	0.0	0.0	0.0	0.004310344827586207
1967-12-31	0.06770833333333333	0.057291666666666664	0.057291666666666664	0.0625	0.026041666666666668	0.005208333333333333	0.052083333333333336	0.005208333333333333	0.11458333333333333	0.005208333333333333	0.005208333333333333	0.005208333333333333	0.005208333333333333	0.005208333333333333	0.0	0.0	0.03125	0.005208333333333333	0.026041666666666668	0.036458333333333336	0.015625	0.020833333333333332	0.005208333333333333	0.0	0.005208333333333333	0.0	0.026041666666666668	0.0	0.0	0.0	0.0	0.0	0.0	0.0	0.0	0.0	0.005208333333333333
1968-12-31	0.1044776119402985	0.04975124378109453	0.05472636815920398	0.05472636815920398	0.009950248756218905	0.014925373134328358	0.01990049751243781	0.014925373134328358	0.06467661691542288	0.004975124378109453	0.01990049751243781	0.004975124378109453	0.0	0.01990049751243781	0.0	0.0	0.0	0.0	0.05472636815920398	0.029850746268656716	0.009950248756218905	0.004975124378109453	0.004975124378109453	0.004975124378109453	0.0	0.0	0.01990049751243781	0.0	0.0	0.0	0.0	0.0	0.0	0.0	0.0	0.0	0.0
1969-12-31	0.08171206225680934	0.0622568093385214	0.019455252918287938	0.07392996108949416	0.023346303501945526	0.01556420233463035	0.023346303501945526	0.0038910505836575876	0.08949416342412451	0.0038910505836575876	0.01556420233463035	0.0038910505836575876	0.007782101167315175	0.007782101167315175	0.0038910505836575876	0.0	0.0	0.0	0.019455252918287938	0.019455252918287938	0.03501945525291829	0.023346303501945526	0.0	0.0	0.007782101167315175	0.0	0.019455252918287938	0.0	0.0	0.0	0.0	0.0038910505836575876	0.0	0.0	0.0	0.0	0.0
1970-12-31	0.10849056603773585	0.049528301886792456	0.03537735849056604	0.049528301886792456	0.025943396226415096	0.018867924528301886	0.01650943396226415	0.01179245283018868	0.08490566037735849	0.0	0.0023584905660377358	0.0023584905660377358	0.0	0.007075471698113208	0.0	0.0	0.0023584905660377358	0.0	0.030660377358490566	0.009433962264150943	0.014150943396226415	0.009433962264150943	0.007075471698113208	0.0047169811320754715	0.0047169811320754715	0.0023584905660377358	0.03537735849056604	0.0	0.0	0.0	0.0	0.0	0.0	0.0	0.0	0.0	0.007075471698113208
1971-12-31	0.0888382687927107	0.04328018223234624	0.04328018223234624	0.07289293849658314	0.018223234624145785	0.02733485193621868	0.00683371298405467	0.011389521640091117	0.10933940774487472	0.011389521640091117	0.011389521640091117	0.0	0.002277904328018223	0.018223234624145785	0.002277904328018223	0.0	0.0	0.0	0.025056947608200455	0.00683371298405467	0.01366742596810934	0.011389521640091117	0.002277904328018223	0.00683371298405467	0.0	0.0	0.029612756264236904	0.0	0.0	0.0	0.0	0.0	0.0	0.0	0.0	0.0	0.004555808656036446
1972-12-31	0.13279132791327913	0.04607046070460705	0.05420054200542006	0.06504065040650407	0.02168021680216802	0.018970189701897018	0.008130081300813009	0.0	0.06233062330623306	0.008130081300813009	0.013550135501355014	0.005420054200542005	0.0	0.0027100271002710027	0.0	0.0	0.0	0.0	0.024390243902439025	0.018970189701897018	0.016260162601626018	0.016260162601626018	0.005420054200542005	0.0027100271002710027	0.0027100271002710027	0.0	0.024390243902439025	0.0	0.0	0.0	0.0	0.0027100271002710027	0.0	0.0	0.0	0.0	0.005420054200542005
1973-12-31	0.1075	0.07	0.03	0.06	0.025	0.015	0.0075	0.005	0.0875	0.005	0.005	0.0025	0.0	0.02	0.005	0.005	0.0	0.0	0.0475	0.015	0.0175	0.01	0.0025	0.005	0.0	0.0	0.015	0.0	0.0	0.0	0.0	0.0	0.0	0.0	0.0	0.0	0.0
1974-12-31	0.10440835266821345	0.06728538283062645	0.04640371229698376	0.07192575406032482	0.02320185614849188	0.016241299303944315	0.009280742459396751	0.01160092807424594	0.08352668213457076	0.004640371229698376	0.0069605568445475635	0.004640371229698376	0.002320185614849188	0.016241299303944315	0.0	0.002320185614849188	0.002320185614849188	0.0	0.025522041763341066	0.02088167053364269	0.01160092807424594	0.02088167053364269	0.0069605568445475635	0.002320185614849188	0.0	0.004640371229698376	0.02088167053364269	0.0	0.0	0.0	0.0	0.0	0.0	0.0	0.0	0.0	0.0
1975-12-31	0.1148936170212766	0.06595744680851064	0.02553191489361702	0.06382978723404255	0.029787234042553193	0.00851063829787234	0.01702127659574468	0.0	0.10851063829787234	0.0	0.014893617021276596	0.00425531914893617	0.00425531914893617	0.02127659574468085	0.002127659574468085	0.002127659574468085	0.00425531914893617	0.0	0.03404255319148936	0.04042553191489362	0.019148936170212766	0.01276595744680851	0.00851063829787234	0.006382978723404255	0.0	0.0	0.02127659574468085	0.0	0.0	0.0	0.0	0.0	0.0	0.0	0.0	0.0	0.002127659574468085
1976-12-31	0.09090909090909091	0.04040404040404041	0.0707070707070707	0.08282828282828283	0.01818181818181818	0.01818181818181818	0.01616161616161616	0.00404040404040404	0.08686868686868687	0.00808080808080808	0.00404040404040404	0.00202020202020202	0.0	0.010101010101010102	0.00202020202020202	0.00202020202020202	0.00808080808080808	0.0	0.022222222222222223	0.020202020202020204	0.01616161616161616	0.01818181818181818	0.006060606060606061	0.00808080808080808	0.0	0.0	0.03232323232323232	0.0	0.0	0.0	0.0	0.0	0.0	0.0	0.0	0.0	0.0
1977-12-31	0.09375	0.046875	0.06473214285714286	0.05133928571428571	0.024553571428571428	0.022321428571428572	0.006696428571428571	0.008928571428571428	0.10267857142857142	0.0	0.008928571428571428	0.002232142857142857	0.004464285714285714	0.008928571428571428	0.0	0.0	0.0	0.0	0.04017857142857143	0.022321428571428572	0.026785714285714284	0.017857142857142856	0.008928571428571428	0.002232142857142857	0.0	0.002232142857142857	0.026785714285714284	0.0	0.0	0.0	0.0	0.0	0.0	0.0	0.0	0.0	0.004464285714285714
1978-12-31	0.13572854291417166	0.05588822355289421	0.06187624750499002	0.0718562874251497	0.029940119760479042	0.023952095808383235	0.023952095808383235	0.005988023952095809	0.10179640718562874	0.005988023952095809	0.003992015968063872	0.0	0.0	0.017964071856287425	0.001996007984031936	0.001996007984031936	0.001996007984031936	0.0	0.021956087824351298	0.01996007984031936	0.021956087824351298	0.013972055888223553	0.005988023952095809	0.003992015968063872	0.0	0.001996007984031936	0.015968063872255488	0.0	0.0	0.0	0.0	0.001996007984031936	0.0	0.0	0.0	0.0	0.003992015968063872
1979-12-31	0.1016949152542373	0.0614406779661017	0.03389830508474576	0.07838983050847458	0.0211864406779661	0.019067796610169493	0.029661016949152543	0.01059322033898305	0.1059322033898305	0.00211864406779661	0.00211864406779661	0.00211864406779661	0.006355932203389831	0.01694915254237288	0.0	0.00423728813559322	0.006355932203389831	0.0	0.059322033898305086	0.019067796610169493	0.014830508474576272	0.01694915254237288	0.006355932203389831	0.00423728813559322	0.0	0.0	0.01694915254237288	0.0	0.0	0.0	0.0	0.0	0.0	0.0	0.0	0.0	0.00211864406779661
1980-12-31	0.09217877094972067	0.05307262569832402	0.07262569832402235	0.0893854748603352	0.0223463687150838	0.013966480446927373	0.008379888268156424	0.00558659217877095	0.11452513966480447	0.002793296089385475	0.013966480446927373	0.0	0.00558659217877095	0.0223463687150838	0.00558659217877095	0.002793296089385475	0.0	0.002793296089385475	0.03910614525139665	0.01675977653631285	0.0111731843575419	0.0223463687150838	0.0111731843575419	0.0	0.0	0.0	0.0223463687150838	0.0	0.002793296089385475	0.0	0.0	0.0	0.0	0.0	0.0	0.0	0.00558659217877095
1981-12-31	0.13592233009708737	0.07766990291262135	0.02912621359223301	0.06796116504854369	0.0	0.019417475728155338	0.009708737864077669	0.0	0.07766990291262135	0.0	0.0	0.0	0.0	0.009708737864077669	0.0	0.009708737864077669	0.0	0.0	0.08737864077669903	0.0	0.009708737864077669	0.02912621359223301	0.0	0.0	0.0	0.0	0.038834951456310676	0.0	0.0	0.0	0.0	0.0	0.0	0.0	0.0	0.0	0.0
1982-12-31	0.12142857142857143	0.04285714285714286	0.060714285714285714	0.07857142857142857	0.03214285714285714	0.025	0.02857142857142857	0.0035714285714285713	0.11428571428571428	0.014285714285714285	0.017857142857142856	0.007142857142857143	0.0	0.017857142857142856	0.010714285714285714	0.007142857142857143	0.007142857142857143	0.0	0.014285714285714285	0.02142857142857143	0.014285714285714285	0.017857142857142856	0.010714285714285714	0.0035714285714285713	0.0	0.0	0.03214285714285714	0.0	0.0	0.0	0.0	0.0	0.0	0.0	0.0	0.0	0.007142857142857143
1983-12-31	0.06976744186046512	0.05426356589147287	0.023255813953488372	0.05426356589147287	0.007751937984496124	0.007751937984496124	0.015503875968992248	0.007751937984496124	0.10077519379844961	0.015503875968992248	0.007751937984496124	0.0	0.007751937984496124	0.015503875968992248	0.0	0.0	0.0	0.0	0.023255813953488372	0.007751937984496124	0.015503875968992248	0.023255813953488372	0.007751937984496124	0.007751937984496124	0.0	0.0	0.03875968992248062	0.0	0.0	0.0	0.0	0.0	0.0	0.0	0.0	0.0	0.0
1984-12-31	0.1284796573875803	0.05139186295503212	0.06423982869379015	0.0728051391862955	0.014989293361884369	0.023554603854389723	0.017130620985010708	0.0	0.06209850107066381	0.006423982869379015	0.006423982869379015	0.006423982869379015	0.004282655246252677	0.010706638115631691	0.0021413276231263384	0.0021413276231263384	0.004282655246252677	0.0	0.019271948608137045	0.023554603854389723	0.034261241970021415	0.02569593147751606	0.0021413276231263384	0.008565310492505354	0.004282655246252677	0.0	0.027837259100642397	0.0	0.0	0.0	0.0	0.0021413276231263384	0.0	0.0	0.0	0.0	0.0021413276231263384
1985-12-31	0.10843373493975904	0.06224899598393574	0.02610441767068273	0.06827309236947791	0.020080321285140562	0.014056224899598393	0.020080321285140562	0.010040160642570281	0.07228915662650602	0.008032128514056224	0.002008032128514056	0.002008032128514056	0.006024096385542169	0.014056224899598393	0.002008032128514056	0.0	0.006024096385542169	0.0	0.040160642570281124	0.010040160642570281	0.04618473895582329	0.012048192771084338	0.006024096385542169	0.002008032128514056	0.0	0.002008032128514056	0.0321285140562249	0.0	0.0	0.0	0.0	0.0	0.0	0.0	0.0	0.0	0.002008032128514056
1986-12-31	0.12903225806451613	0.05313092979127135	0.05313092979127135	0.07590132827324478	0.030360531309297913	0.017077798861480076	0.015180265654648957	0.009487666034155597	0.07969639468690702	0.003795066413662239	0.013282732447817837	0.0056925996204933585	0.0	0.011385199240986717	0.011385199240986717	0.0	0.003795066413662239	0.0	0.036053130929791274	0.020872865275142316	0.018975332068311195	0.03225806451612903	0.0018975332068311196	0.0018975332068311196	0.0018975332068311196	0.0018975332068311196	0.03225806451612903	0.0	0.0	0.0	0.0	0.0	0.0	0.0	0.0	0.0	0.0
1987-12-31	0.17525773195876287	0.044673539518900345	0.037800687285223365	0.048109965635738834	0.02577319587628866	0.03436426116838488	0.024054982817869417	0.001718213058419244	0.06872852233676977	0.003436426116838488	0.012027491408934709	0.003436426116838488	0.001718213058419244	0.006872852233676976	0.001718213058419244	0.005154639175257732	0.003436426116838488	0.0	0.020618556701030927	0.013745704467353952	0.010309278350515464	0.00859106529209622	0.005154639175257732	0.010309278350515464	0.0	0.0	0.029209621993127148	0.0	0.0	0.0	0.0	0.0	0.0	0.0	0.0	0.0	0.005154639175257732
1988-12-31	0.147117296222664	0.04970178926441352	0.0437375745526839	0.05168986083499006	0.019880715705765408	0.015904572564612324	0.013916500994035786	0.005964214711729622	0.10139165009940358	0.003976143141153081	0.013916500994035786	0.003976143141153081	0.007952286282306162	0.005964214711729622	0.0019880715705765406	0.0019880715705765406	0.005964214711729622	0.0019880715705765406	0.02982107355864811	0.02385685884691849	0.02186878727634195	0.013916500994035786	0.0	0.003976143141153081	0.0019880715705765406	0.0	0.02186878727634195	0.0	0.0	0.0	0.0	0.0	0.0	0.0	0.0	0.0	0.0019880715705765406
1989-12-31	0.12956204379562045	0.058394160583941604	0.032846715328467155	0.08576642335766424	0.02737226277372263	0.025547445255474453	0.0072992700729927005	0.009124087591240875	0.08759124087591241	0.0072992700729927005	0.005474452554744526	0.0036496350364963502	0.0018248175182481751	0.012773722627737226	0.0036496350364963502	0.0	0.0018248175182481751	0.0	0.058394160583941604	0.016423357664233577	0.009124087591240875	0.020072992700729927	0.0	0.0036496350364963502	0.0018248175182481751	0.0	0.02737226277372263	0.0	0.0	0.0	0.0	0.0018248175182481751	0.0	0.0	0.0	0.0	0.0036496350364963502
