date	twee_pertrigrams	drie_pertrigrams	vier_pertrigrams	vijf_pertrigrams	zes_pertrigrams	zeven_pertrigrams	acht_pertrigrams	negen_pertrigrams	tien_pertrigrams	elf_pertrigrams	twaalf_pertrigrams	dertien_pertrigrams	veertien_pertrigrams	vijftien_pertrigrams	zestien_pertrigrams	zeventien_pertrigrams	achttien_pertrigrams	negentien_pertrigrams	twintig_pertrigrams	dertig_pertrigrams	veertig_pertrigrams	vijftig_pertrigrams	zestig_pertrigrams	zeventig_pertrigrams	tachtig_pertrigrams	negentig_pertrigrams	honderd_pertrigrams	honderdtien_pertrigrams	honderdtwintig_pertrigrams	honderddertig_pertrigrams	honderdveertig_pertrigrams	honderdvijftig_pertrigrams	honderdzestig_pertrigrams	honderdzeventig_pertrigrams	honderdtachtig_pertrigrams	honderdnegentig_pertrigrams	tweehonderd_pertrigrams
1893-12-31	4.240306658977577e-06	0.0	1.0600766647443942e-06	0.0	1.0600766647443942e-06	1.0600766647443942e-06	0.0	0.0	2.1201533294887885e-06	0.0	0.0	0.0	0.0	0.0	0.0	0.0	0.0	0.0	3.180229994233183e-06	0.0	0.0	0.0	1.0600766647443942e-06	0.0	0.0	0.0	0.0	0.0	0.0	0.0	0.0	0.0	0.0	0.0	0.0	0.0	0.0
1894-12-31	2.7349729192098115e-06	0.0	0.0	1.8233152794732077e-06	0.0	0.0	9.116576397366038e-07	0.0	0.0	0.0	0.0	0.0	0.0	0.0	0.0	0.0	0.0	0.0	0.0	0.0	1.8233152794732077e-06	1.8233152794732077e-06	0.0	0.0	0.0	0.0	0.0	0.0	0.0	0.0	0.0	0.0	0.0	0.0	0.0	0.0	0.0
1895-12-31	6.208978058092441e-07	6.208978058092441e-07	6.208978058092441e-07	1.862693417427732e-06	6.208978058092441e-07	0.0	0.0	6.208978058092441e-07	0.0	0.0	0.0	0.0	0.0	0.0	0.0	0.0	0.0	0.0	2.4835912232369764e-06	6.208978058092441e-07	1.2417956116184882e-06	6.208978058092441e-07	0.0	0.0	0.0	0.0	0.0	0.0	0.0	0.0	0.0	0.0	0.0	0.0	0.0	0.0	0.0
1896-12-31	2.5513393255789625e-06	1.5308035953473776e-06	0.0	1.5308035953473776e-06	1.5308035953473776e-06	0.0	1.020535730231585e-06	5.102678651157925e-07	1.5308035953473776e-06	0.0	0.0	0.0	0.0	0.0	0.0	0.0	0.0	5.102678651157925e-07	2.04107146046317e-06	1.020535730231585e-06	0.0	5.102678651157925e-07	1.020535730231585e-06	0.0	1.020535730231585e-06	0.0	1.020535730231585e-06	0.0	0.0	0.0	0.0	0.0	0.0	0.0	0.0	0.0	0.0
1897-12-31	3.2456046399163934e-06	4.057005799895492e-07	4.057005799895492e-07	2.434203479937295e-06	8.114011599790983e-07	4.057005799895492e-07	4.057005799895492e-07	4.057005799895492e-07	3.6513052199059425e-06	4.057005799895492e-07	1.2171017399686474e-06	4.057005799895492e-07	0.0	4.057005799895492e-07	0.0	0.0	0.0	0.0	4.0570057998954915e-06	2.0285028999477458e-06	8.114011599790983e-07	4.057005799895492e-07	4.057005799895492e-07	4.057005799895492e-07	0.0	0.0	1.6228023199581967e-06	0.0	0.0	0.0	0.0	0.0	0.0	0.0	0.0	0.0	0.0
1898-12-31	2.177123827836531e-06	8.708495311346125e-07	1.3062742967019187e-06	2.177123827836531e-06	0.0	4.3542476556730624e-07	2.177123827836531e-06	4.3542476556730624e-07	1.741699062269225e-06	0.0	0.0	4.3542476556730624e-07	0.0	4.3542476556730624e-07	0.0	0.0	0.0	0.0	2.177123827836531e-06	4.3542476556730624e-07	0.0	0.0	0.0	0.0	0.0	4.3542476556730624e-07	4.3542476556730624e-07	0.0	0.0	0.0	0.0	0.0	0.0	0.0	0.0	0.0	0.0
1899-12-31	1.5318099483397095e-06	1.5318099483397095e-06	2.297714922509564e-06	2.297714922509564e-06	0.0	0.0	0.0	7.659049741698548e-07	7.659049741698548e-07	7.659049741698548e-07	0.0	0.0	0.0	7.659049741698548e-07	0.0	0.0	0.0	0.0	7.659049741698548e-07	1.5318099483397095e-06	7.659049741698548e-07	7.659049741698548e-07	0.0	0.0	0.0	7.659049741698548e-07	1.5318099483397095e-06	0.0	0.0	0.0	0.0	0.0	0.0	0.0	0.0	0.0	0.0
1900-12-31	1.8062343986503816e-06	0.0	9.031171993251908e-07	9.031171993251908e-07	0.0	0.0	0.0	0.0	9.031171993251908e-07	0.0	9.031171993251908e-07	0.0	0.0	9.031171993251908e-07	0.0	0.0	0.0	0.0	1.8062343986503816e-06	0.0	1.8062343986503816e-06	0.0	0.0	0.0	0.0	0.0	9.031171993251908e-07	0.0	0.0	0.0	0.0	0.0	0.0	0.0	0.0	0.0	0.0
1901-12-31	2.8163302090843546e-06	0.0	0.0	1.126532083633742e-06	5.63266041816871e-07	0.0	0.0	0.0	0.0	0.0	0.0	0.0	0.0	0.0	0.0	0.0	0.0	0.0	0.0	5.63266041816871e-07	1.126532083633742e-06	0.0	0.0	0.0	0.0	0.0	1.126532083633742e-06	0.0	0.0	0.0	0.0	0.0	0.0	0.0	0.0	0.0	5.63266041816871e-07
1902-12-31	1.816648126763284e-06	1.816648126763284e-06	1.2110987511755228e-06	1.2110987511755228e-06	6.055493755877614e-07	0.0	0.0	6.055493755877614e-07	6.055493755877614e-07	0.0	1.2110987511755228e-06	0.0	0.0	0.0	0.0	0.0	0.0	0.0	1.816648126763284e-06	3.0277468779388068e-06	6.055493755877614e-07	1.2110987511755228e-06	0.0	0.0	0.0	0.0	6.055493755877614e-07	0.0	0.0	0.0	0.0	0.0	0.0	0.0	0.0	0.0	0.0
1903-12-31	7.12786317353852e-07	0.0	7.12786317353852e-07	0.0	0.0	0.0	1.425572634707704e-06	7.12786317353852e-07	2.1383589520615563e-06	0.0	7.12786317353852e-07	0.0	0.0	0.0	0.0	0.0	7.12786317353852e-07	0.0	1.425572634707704e-06	7.12786317353852e-07	0.0	0.0	0.0	0.0	0.0	0.0	1.425572634707704e-06	0.0	0.0	0.0	0.0	0.0	0.0	0.0	0.0	0.0	7.12786317353852e-07
1904-12-31	0.0	0.0	9.530735191381928e-07	0.0	9.530735191381928e-07	0.0	0.0	0.0	9.530735191381928e-07	0.0	0.0	0.0	0.0	0.0	0.0	0.0	0.0	0.0	9.530735191381928e-07	0.0	0.0	0.0	0.0	0.0	0.0	0.0	0.0	0.0	0.0	0.0	0.0	0.0	0.0	0.0	0.0	0.0	0.0
1905-12-31	0.0	0.0	0.0	0.0	0.0	0.0	0.0	0.0	1.8140951565473416e-06	0.0	0.0	0.0	0.0	0.0	0.0	0.0	0.0	0.0	0.0	0.0	0.0	0.0	0.0	0.0	0.0	0.0	0.0	0.0	0.0	0.0	0.0	0.0	0.0	0.0	0.0	0.0	0.0
1906-12-31	2.311601581597802e-06	1.155800790798901e-06	0.0	1.155800790798901e-06	1.155800790798901e-06	0.0	0.0	0.0	0.0	0.0	0.0	0.0	0.0	0.0	0.0	0.0	0.0	0.0	2.311601581597802e-06	1.155800790798901e-06	1.155800790798901e-06	1.155800790798901e-06	0.0	0.0	0.0	0.0	0.0	0.0	0.0	0.0	0.0	0.0	0.0	0.0	0.0	0.0	0.0
1907-12-31	1.9547272145593297e-06	0.0	6.515757381864432e-07	0.0	0.0	0.0	0.0	0.0	2.6063029527457728e-06	0.0	0.0	0.0	0.0	0.0	0.0	0.0	0.0	0.0	1.3031514763728864e-06	6.515757381864432e-07	1.3031514763728864e-06	0.0	0.0	0.0	0.0	0.0	6.515757381864432e-07	0.0	0.0	0.0	0.0	0.0	0.0	0.0	0.0	0.0	0.0
1908-12-31	1.1696306306468418e-05	1.7994317394566796e-06	0.0	3.5988634789133593e-06	8.997158697283398e-07	0.0	0.0	0.0	1.7994317394566796e-06	0.0	0.0	0.0	0.0	0.0	0.0	0.0	0.0	0.0	8.997158697283398e-07	0.0	0.0	8.997158697283398e-07	0.0	0.0	0.0	0.0	8.997158697283398e-07	0.0	0.0	0.0	0.0	0.0	0.0	0.0	0.0	0.0	8.997158697283398e-07
1909-12-31	0.0	0.0	1.2401577976781766e-06	3.72047339303453e-06	1.2401577976781766e-06	1.2401577976781766e-06	0.0	0.0	1.2401577976781766e-06	0.0	0.0	0.0	0.0	0.0	0.0	0.0	0.0	0.0	0.0	0.0	0.0	0.0	0.0	0.0	0.0	0.0	0.0	0.0	0.0	0.0	0.0	0.0	0.0	0.0	0.0	0.0	0.0
1910-12-31	7.476149214966952e-07	2.990459685986781e-06	0.0	7.476149214966952e-07	0.0	0.0	0.0	0.0	7.476149214966952e-07	0.0	7.476149214966952e-07	0.0	0.0	0.0	0.0	0.0	0.0	0.0	0.0	0.0	0.0	0.0	0.0	0.0	0.0	0.0	0.0	0.0	0.0	0.0	0.0	0.0	0.0	0.0	0.0	0.0	0.0
1911-12-31	8.53322410806475e-07	0.0	0.0	0.0	0.0	0.0	0.0	8.53322410806475e-07	1.70664482161295e-06	0.0	8.53322410806475e-07	0.0	8.53322410806475e-07	0.0	0.0	0.0	0.0	0.0	0.0	0.0	8.53322410806475e-07	0.0	0.0	0.0	0.0	0.0	0.0	0.0	0.0	0.0	0.0	0.0	0.0	0.0	0.0	0.0	0.0
1912-12-31	1.9949156250436387e-06	1.3299437500290925e-06	2.659887500058185e-06	1.3299437500290925e-06	0.0	0.0	1.3299437500290925e-06	0.0	3.989831250087277e-06	0.0	6.649718750145462e-07	0.0	0.0	1.3299437500290925e-06	0.0	0.0	0.0	0.0	6.649718750145462e-07	6.649718750145462e-07	0.0	0.0	0.0	0.0	0.0	0.0	6.649718750145462e-07	0.0	0.0	0.0	0.0	0.0	0.0	0.0	0.0	0.0	0.0
1913-12-31	4.690596526613272e-06	1.758973697479977e-06	1.758973697479977e-06	1.172649131653318e-06	0.0	0.0	5.86324565826659e-07	0.0	1.758973697479977e-06	1.172649131653318e-06	0.0	0.0	0.0	0.0	0.0	0.0	0.0	0.0	1.758973697479977e-06	5.86324565826659e-07	0.0	5.86324565826659e-07	0.0	0.0	0.0	0.0	1.758973697479977e-06	0.0	0.0	0.0	0.0	0.0	0.0	0.0	0.0	0.0	0.0
1914-12-31	1.1004865250927436e-06	0.0	0.0	1.1004865250927436e-06	0.0	0.0	0.0	0.0	0.0	0.0	0.0	0.0	0.0	0.0	0.0	0.0	0.0	0.0	1.1004865250927436e-06	1.1004865250927436e-06	0.0	0.0	0.0	0.0	0.0	0.0	1.1004865250927436e-06	0.0	0.0	0.0	0.0	0.0	0.0	0.0	0.0	0.0	0.0
1915-12-31	4.534458483631738e-06	1.700421931361902e-06	0.0	3.967651173177771e-06	5.668073104539673e-07	0.0	0.0	5.668073104539673e-07	2.267229241815869e-06	0.0	5.668073104539673e-07	0.0	0.0	1.700421931361902e-06	0.0	0.0	0.0	0.0	5.668073104539673e-07	5.668073104539673e-07	0.0	1.1336146209079345e-06	0.0	0.0	0.0	0.0	2.267229241815869e-06	0.0	0.0	0.0	0.0	0.0	0.0	0.0	0.0	0.0	1.1336146209079345e-06
1916-12-31	4.094364575089769e-06	0.0	0.0	1.7547276750384725e-06	5.849092250128241e-07	0.0	5.849092250128241e-07	0.0	5.849092250128241e-07	0.0	5.849092250128241e-07	0.0	0.0	0.0	0.0	0.0	0.0	0.0	5.849092250128241e-07	1.1698184500256482e-06	5.849092250128241e-07	1.1698184500256482e-06	5.849092250128241e-07	0.0	0.0	0.0	1.1698184500256482e-06	0.0	0.0	0.0	0.0	0.0	0.0	0.0	0.0	0.0	0.0
1917-12-31	3.989067675102975e-06	3.989067675102975e-06	5.698668107289964e-07	1.1397336214579928e-06	0.0	0.0	0.0	0.0	3.4192008643739786e-06	1.1397336214579928e-06	0.0	0.0	0.0	1.1397336214579928e-06	0.0	0.0	0.0	0.0	1.1397336214579928e-06	0.0	0.0	0.0	0.0	0.0	0.0	0.0	5.698668107289964e-07	0.0	0.0	0.0	0.0	0.0	0.0	0.0	0.0	0.0	0.0
1918-12-31	6.762990981068456e-06	0.0	2.8984247061721956e-06	1.9322831374481302e-06	1.9322831374481302e-06	0.0	0.0	9.661415687240651e-07	2.8984247061721956e-06	0.0	0.0	0.0	0.0	0.0	9.661415687240651e-07	0.0	0.0	0.0	1.9322831374481302e-06	9.661415687240651e-07	0.0	0.0	0.0	0.0	0.0	0.0	9.661415687240651e-07	0.0	0.0	0.0	0.0	0.0	0.0	0.0	0.0	0.0	0.0
1919-12-31	2.2584487438282243e-06	9.033794975312897e-07	9.033794975312897e-07	4.5168974876564486e-07	4.5168974876564486e-07	9.033794975312897e-07	4.5168974876564486e-07	0.0	2.2584487438282243e-06	0.0	4.5168974876564486e-07	0.0	9.033794975312897e-07	0.0	0.0	0.0	4.5168974876564486e-07	0.0	2.710138492593869e-06	9.033794975312897e-07	4.5168974876564486e-07	0.0	0.0	4.5168974876564486e-07	0.0	0.0	9.033794975312897e-07	0.0	0.0	0.0	0.0	0.0	0.0	0.0	0.0	0.0	4.5168974876564486e-07
1920-12-31	1.92400284944822e-06	2.88600427417233e-06	9.6200142472411e-07	3.84800569889644e-06	4.81000712362055e-07	4.81000712362055e-07	0.0	0.0	2.405003561810275e-06	0.0	0.0	9.6200142472411e-07	0.0	9.6200142472411e-07	0.0	0.0	0.0	0.0	1.92400284944822e-06	9.6200142472411e-07	0.0	9.6200142472411e-07	0.0	0.0	0.0	0.0	2.405003561810275e-06	0.0	0.0	0.0	0.0	0.0	0.0	0.0	0.0	0.0	0.0
1921-12-31	2.5944954147482536e-06	1.5566972488489521e-06	1.0377981658993015e-06	1.0377981658993015e-06	1.0377981658993015e-06	0.0	5.188990829496508e-07	5.188990829496508e-07	5.188990829496508e-07	5.188990829496508e-07	5.188990829496508e-07	0.0	0.0	0.0	0.0	0.0	0.0	0.0	2.075596331798603e-06	5.188990829496508e-07	5.188990829496508e-07	5.188990829496508e-07	5.188990829496508e-07	0.0	0.0	0.0	2.075596331798603e-06	0.0	0.0	0.0	0.0	0.0	0.0	0.0	0.0	0.0	0.0
1922-12-31	1.3551393320382718e-06	6.775696660191359e-07	6.775696660191359e-07	2.032708998057408e-06	1.3551393320382718e-06	0.0	6.775696660191359e-07	6.775696660191359e-07	2.032708998057408e-06	6.775696660191359e-07	2.032708998057408e-06	0.0	0.0	0.0	0.0	0.0	0.0	0.0	1.3551393320382718e-06	6.775696660191359e-07	0.0	0.0	0.0	0.0	0.0	0.0	0.0	0.0	0.0	0.0	0.0	0.0	0.0	0.0	0.0	0.0	0.0
1923-12-31	2.977333559610684e-06	1.488666779805342e-06	0.0	0.0	0.0	0.0	0.0	7.44333389902671e-07	3.7216669495133546e-06	7.44333389902671e-07	0.0	0.0	0.0	0.0	0.0	0.0	0.0	0.0	1.488666779805342e-06	1.488666779805342e-06	1.488666779805342e-06	0.0	0.0	0.0	0.0	0.0	2.233000169708013e-06	0.0	0.0	0.0	0.0	0.0	0.0	0.0	0.0	0.0	0.0
1924-12-31	6.434947772355142e-06	1.6087369430887856e-06	1.6087369430887856e-06	3.217473886177571e-06	1.6087369430887856e-06	1.0724912953925237e-06	1.0724912953925237e-06	5.362456476962619e-07	4.289965181570095e-06	0.0	5.362456476962619e-07	0.0	5.362456476962619e-07	0.0	0.0	0.0	5.362456476962619e-07	0.0	3.7537195338738333e-06	1.6087369430887856e-06	0.0	1.0724912953925237e-06	5.362456476962619e-07	0.0	0.0	0.0	2.1449825907850475e-06	0.0	0.0	0.0	0.0	0.0	0.0	0.0	0.0	0.0	0.0
1925-12-31	3.4541777416240506e-06	8.635444354060127e-07	1.7270888708120253e-06	0.0	0.0	8.635444354060127e-07	0.0	0.0	2.590633306218038e-06	8.635444354060127e-07	8.635444354060127e-07	0.0	0.0	0.0	0.0	0.0	0.0	0.0	2.590633306218038e-06	8.635444354060127e-07	0.0	0.0	0.0	0.0	0.0	0.0	8.635444354060127e-07	0.0	0.0	0.0	0.0	0.0	0.0	0.0	0.0	0.0	0.0
1926-12-31	8.085978206267239e-06	5.053736378917025e-06	2.6953260687557465e-06	5.053736378917025e-06	2.0214945515668097e-06	6.738315171889366e-07	1.0107472757834049e-06	0.0	2.6953260687557465e-06	0.0	1.0107472757834049e-06	0.0	0.0	6.738315171889366e-07	3.369157585944683e-07	0.0	0.0	0.0	2.0214945515668097e-06	1.3476630343778732e-06	6.738315171889366e-07	2.358410310161278e-06	3.369157585944683e-07	3.369157585944683e-07	3.369157585944683e-07	0.0	2.0214945515668097e-06	0.0	0.0	0.0	0.0	0.0	0.0	0.0	0.0	0.0	0.0
1927-12-31	5.825905910163074e-06	5.825905910163074e-06	0.0	5.825905910163074e-06	3.6411911938519217e-06	1.4564764775407686e-06	7.282382387703843e-07	0.0	7.282382387703843e-06	0.0	0.0	7.282382387703843e-07	0.0	7.282382387703843e-07	0.0	0.0	0.0	0.0	3.6411911938519217e-06	2.912952955081537e-06	1.4564764775407686e-06	1.4564764775407686e-06	7.282382387703843e-07	7.282382387703843e-07	0.0	0.0	1.4564764775407686e-06	0.0	0.0	0.0	0.0	0.0	0.0	0.0	0.0	0.0	7.282382387703843e-07
1928-12-31	6.352598068232678e-06	2.310035661175519e-06	1.1550178305877596e-06	4.620071322351038e-06	1.1550178305877596e-06	1.1550178305877596e-06	5.775089152938798e-07	0.0	4.042562407057159e-06	5.775089152938798e-07	5.775089152938798e-07	0.0	0.0	5.775089152938798e-07	0.0	0.0	0.0	0.0	2.887544576469399e-06	5.775089152938798e-07	1.1550178305877596e-06	1.1550178305877596e-06	0.0	5.775089152938798e-07	0.0	0.0	5.775089152938798e-07	0.0	0.0	0.0	0.0	0.0	0.0	0.0	0.0	0.0	0.0
1929-12-31	3.1469103634052086e-06	3.1469103634052086e-06	0.0	3.1469103634052086e-06	0.0	0.0	1.5734551817026043e-06	0.0	0.0	0.0	0.0	0.0	0.0	0.0	0.0	0.0	0.0	0.0	4.720365545107813e-06	1.5734551817026043e-06	0.0	3.1469103634052086e-06	0.0	0.0	0.0	0.0	3.1469103634052086e-06	0.0	0.0	0.0	0.0	0.0	0.0	0.0	0.0	0.0	0.0
1930-12-31	6.708992020073304e-06	2.515872007527489e-06	1.2579360037637445e-06	3.7738080112912338e-06	1.2579360037637445e-06	1.2579360037637445e-06	8.38624002509163e-07	0.0	5.45105601630956e-06	8.38624002509163e-07	0.0	0.0	0.0	4.193120012545815e-07	0.0	0.0	0.0	0.0	5.870368017564141e-06	2.0965600062729076e-06	8.38624002509163e-07	1.677248005018326e-06	0.0	8.38624002509163e-07	4.193120012545815e-07	0.0	4.193120012545815e-06	0.0	0.0	0.0	0.0	0.0	0.0	0.0	0.0	0.0	0.0
1931-12-31	5.979320945603982e-06	3.8438491793168455e-06	1.2812830597722818e-06	4.6980378858317e-06	2.989660472801991e-06	1.7083774130297092e-06	1.2812830597722818e-06	1.2812830597722818e-06	6.406415298861409e-06	4.270943532574273e-07	8.541887065148546e-07	4.270943532574273e-07	4.270943532574273e-07	4.270943532574273e-07	8.541887065148546e-07	4.270943532574273e-07	0.0	4.270943532574273e-07	4.270943532574273e-06	4.270943532574273e-07	1.7083774130297092e-06	1.2812830597722818e-06	1.7083774130297092e-06	0.0	0.0	0.0	3.8438491793168455e-06	0.0	0.0	0.0	0.0	0.0	0.0	0.0	0.0	0.0	0.0
1932-12-31	1.0575089644221445e-05	5.287544822110722e-06	3.660607953768962e-06	6.914481690452484e-06	3.2538737366835216e-06	8.134684341708804e-07	1.2202026512563206e-06	1.2202026512563206e-06	6.914481690452484e-06	8.134684341708804e-07	4.067342170854402e-07	0.0	0.0	4.067342170854402e-07	0.0	0.0	4.067342170854402e-07	0.0	4.880810605025282e-06	2.8471395195980816e-06	1.6269368683417608e-06	2.440405302512641e-06	1.6269368683417608e-06	4.067342170854402e-07	4.067342170854402e-07	4.067342170854402e-07	4.0673421708544024e-06	0.0	0.0	0.0	0.0	4.067342170854402e-07	0.0	0.0	0.0	0.0	4.067342170854402e-07
1933-12-31	6.729626057112093e-06	5.608021714260077e-06	3.3648130285560464e-06	4.486417371408062e-06	2.9909449142720413e-06	7.477362285680103e-07	1.1216043428520155e-06	0.0	6.729626057112093e-06	3.7386811428400516e-07	7.477362285680103e-07	1.1216043428520155e-06	3.7386811428400516e-07	1.1216043428520155e-06	0.0	0.0	0.0	0.0	3.3648130285560464e-06	1.1216043428520155e-06	1.4954724571360206e-06	2.9909449142720413e-06	3.7386811428400516e-07	0.0	0.0	0.0	5.234153599976072e-06	0.0	0.0	0.0	0.0	0.0	0.0	0.0	0.0	0.0	0.0
1934-12-31	9.456550354147811e-06	3.9656501485135984e-06	1.8303000685447376e-06	5.18585019421009e-06	2.4404000913929835e-06	1.2202000456964917e-06	1.2202000456964917e-06	9.151500342723688e-07	7.32120027417895e-06	3.0505001142412293e-07	0.0	9.151500342723688e-07	3.0505001142412293e-07	1.2202000456964917e-06	0.0	3.0505001142412293e-07	0.0	0.0	4.575750171361844e-06	2.4404000913929835e-06	6.101000228482459e-07	2.1353500799688606e-06	9.151500342723688e-07	3.0505001142412293e-07	3.0505001142412293e-07	0.0	4.880800182785967e-06	0.0	0.0	0.0	0.0	0.0	0.0	0.0	0.0	0.0	6.101000228482459e-07
1935-12-31	8.50129772309743e-06	3.8255839753938435e-06	3.400519089238972e-06	5.9509084061682015e-06	1.2751946584646147e-06	2.5503893169292294e-06	4.250648861548715e-07	4.250648861548715e-07	7.226103064632816e-06	0.0	8.50129772309743e-07	0.0	0.0	2.5503893169292294e-06	0.0	0.0	0.0	0.0	6.801038178477944e-06	2.9754542030841008e-06	2.1253244307743576e-06	1.700259544619486e-06	0.0	4.250648861548715e-07	0.0	0.0	1.700259544619486e-06	0.0	0.0	0.0	0.0	0.0	0.0	0.0	0.0	0.0	4.250648861548715e-07
1936-12-31	9.188592179037881e-06	4.0429805587766675e-06	1.837718435807576e-06	5.145611620261214e-06	3.675436871615152e-06	3.6754368716151526e-07	7.350873743230305e-07	1.1026310614845458e-06	5.145611620261214e-06	0.0	1.1026310614845458e-06	7.350873743230305e-07	7.350873743230305e-07	3.6754368716151526e-07	0.0	0.0	0.0	0.0	2.940349497292122e-06	2.572805810130607e-06	1.837718435807576e-06	2.2052621229690916e-06	1.837718435807576e-06	0.0	0.0	0.0	3.675436871615152e-06	0.0	0.0	0.0	0.0	0.0	0.0	0.0	0.0	0.0	0.0
1937-12-31	4.405593884222348e-06	4.066702046974475e-06	2.0333510234872377e-06	9.827863280188316e-06	1.6944591862393647e-06	1.0166755117436188e-06	0.0	1.3555673489914918e-06	6.777836744957459e-06	0.0	6.777836744957459e-07	3.3889183724787295e-07	3.3889183724787295e-07	1.3555673489914918e-06	0.0	3.3889183724787295e-07	0.0	3.3889183724787295e-07	2.3722428607351106e-06	2.7111346979829836e-06	2.0333510234872377e-06	3.7278102097266024e-06	3.3889183724787295e-07	3.3889183724787295e-07	1.0166755117436188e-06	3.3889183724787295e-07	2.7111346979829836e-06	0.0	0.0	0.0	0.0	0.0	0.0	0.0	0.0	0.0	0.0
1938-12-31	8.166126845355636e-06	3.024491424205791e-06	4.2342879938881075e-06	7.5612285605144785e-06	5.141635421149845e-06	2.419593139364633e-06	1.5122457121028956e-06	0.0	7.258779418093899e-06	3.0244914242057914e-07	3.0244914242057914e-07	3.0244914242057914e-07	0.0	2.1171439969440537e-06	9.073474272617374e-07	0.0	0.0	0.0	3.931838851467529e-06	2.1171439969440537e-06	2.722042281785212e-06	2.1171439969440537e-06	9.073474272617374e-07	6.048982848411583e-07	1.5122457121028956e-06	0.0	6.351431990832162e-06	0.0	0.0	0.0	0.0	3.0244914242057914e-07	0.0	0.0	0.0	0.0	6.048982848411583e-07
1939-12-31	8.8787896180313e-06	2.219697404507825e-06	2.5367970337232286e-06	7.293291471954282e-06	2.219697404507825e-06	1.2683985168616143e-06	1.2683985168616143e-06	1.2683985168616143e-06	8.8787896180313e-06	0.0	9.512988876462106e-07	0.0	0.0	6.341992584308072e-07	6.341992584308072e-07	0.0	3.170996292154036e-07	6.341992584308072e-07	5.073594067446457e-06	3.8051955505848425e-06	2.5367970337232286e-06	2.8538966629386322e-06	3.170996292154036e-07	9.512988876462106e-07	6.341992584308072e-07	3.170996292154036e-07	3.1709962921540354e-06	0.0	0.0	0.0	0.0	0.0	0.0	0.0	0.0	0.0	0.0
1940-12-31	6.860127339208143e-06	0.0	1.5244727420462541e-06	4.192300040627199e-06	3.0489454840925083e-06	1.9055909275578176e-06	7.622363710231271e-07	7.622363710231271e-07	6.479009153696579e-06	3.8111818551156353e-07	3.8111818551156353e-07	1.9055909275578176e-06	0.0	3.8111818551156353e-07	0.0	0.0	0.0	7.622363710231271e-07	4.9545364116503254e-06	2.6678272985809446e-06	2.6678272985809446e-06	1.9055909275578176e-06	7.622363710231271e-07	1.1433545565346904e-06	0.0	0.0	3.4300636696040715e-06	0.0	0.0	0.0	0.0	3.8111818551156353e-07	0.0	0.0	0.0	0.0	3.8111818551156353e-07
1941-12-31	7.559007502314946e-06	3.0236030009259786e-06	1.5118015004629893e-06	7.559007502314946e-06	1.5118015004629893e-06	1.5118015004629893e-06	7.559007502314946e-07	0.0	7.559007502314946e-06	0.0	0.0	0.0	0.0	1.5118015004629893e-06	0.0	0.0	0.0	0.0	8.31490825254644e-06	1.5118015004629893e-06	3.0236030009259786e-06	4.535404501388968e-06	0.0	1.5118015004629893e-06	0.0	0.0	4.535404501388968e-06	0.0	0.0	0.0	0.0	0.0	0.0	0.0	0.0	0.0	0.0
1942-12-31	1.1336740233713197e-05	2.519275607491822e-06	3.778913411237733e-06	2.519275607491822e-06	1.259637803745911e-06	0.0	1.259637803745911e-06	1.259637803745911e-06	6.2981890187295544e-06	0.0	1.259637803745911e-06	0.0	0.0	0.0	0.0	0.0	0.0	0.0	2.519275607491822e-06	2.519275607491822e-06	0.0	1.259637803745911e-06	1.259637803745911e-06	0.0	1.259637803745911e-06	1.259637803745911e-06	1.1336740233713197e-05	0.0	0.0	1.259637803745911e-06	0.0	1.259637803745911e-06	0.0	0.0	0.0	0.0	0.0
1943-12-31	9.891759422519084e-06	1.2364699278148856e-05	7.4188195668893135e-06	2.472939855629771e-06	2.472939855629771e-06	0.0	0.0	2.472939855629771e-06	2.2256458700667942e-05	0.0	0.0	0.0	0.0	2.472939855629771e-06	0.0	0.0	0.0	0.0	0.0	2.472939855629771e-06	0.0	0.0	2.472939855629771e-06	0.0	2.472939855629771e-06	2.472939855629771e-06	2.472939855629771e-06	0.0	0.0	0.0	0.0	0.0	0.0	0.0	0.0	0.0	0.0
1944-12-31	5.485644069470197e-06	8.228466104205294e-06	5.485644069470197e-06	5.485644069470197e-06	0.0	0.0	0.0	0.0	8.228466104205294e-06	0.0	0.0	0.0	0.0	0.0	0.0	0.0	0.0	0.0	2.7428220347350983e-06	0.0	2.7428220347350983e-06	2.7428220347350983e-06	0.0	0.0	0.0	0.0	5.485644069470197e-06	0.0	0.0	0.0	0.0	0.0	0.0	0.0	0.0	0.0	2.7428220347350983e-06
1945-12-31	0.0	0.0	0.0	0.0	0.0	0.0	0.0	0.0	0.0	0.0	0.0	0.0	0.0	0.0	0.0	0.0	0.0	0.0	0.0	0.0	0.0	0.0	0.0	0.0	0.0	0.0	0.0	0.0	0.0	0.0	0.0	0.0	0.0	0.0	0.0	0.0	0.0
1946-12-31																																					
1947-12-31																																					
1948-12-31																																					
1949-12-31	2.059302014291556e-05	2.9418600204165085e-06	2.9418600204165085e-06	2.9418600204165085e-06	0.0	0.0	0.0	0.0	1.4709300102082542e-05	0.0	0.0	0.0	5.883720040833017e-06	2.9418600204165085e-06	0.0	0.0	0.0	0.0	1.1767440081666034e-05	2.9418600204165085e-06	0.0	0.0	0.0	0.0	0.0	0.0	2.9418600204165085e-06	0.0	0.0	0.0	0.0	0.0	0.0	0.0	0.0	0.0	2.9418600204165085e-06
1950-12-31	1.2092232640736313e-05	4.318654514548683e-06	8.637309029097366e-07	7.77357812618763e-06	8.637309029097366e-07	3.4549236116389465e-06	2.59119270872921e-06	0.0	6.0461163203681564e-06	8.637309029097366e-07	0.0	8.637309029097366e-07	8.637309029097366e-07	0.0	0.0	1.7274618058194733e-06	8.637309029097366e-07	0.0	5.18238541745842e-06	2.59119270872921e-06	4.318654514548683e-06	2.59119270872921e-06	0.0	8.637309029097366e-07	0.0	0.0	1.7274618058194733e-06	0.0	0.0	0.0	0.0	0.0	0.0	0.0	0.0	0.0	8.637309029097366e-07
1951-12-31	7.833092465740012e-06	1.3055154109566687e-06	1.3055154109566687e-06	7.833092465740012e-06	2.6110308219133374e-06	2.6110308219133374e-06	1.3055154109566687e-06	0.0	3.916546232870006e-06	3.916546232870006e-06	0.0	0.0	1.3055154109566687e-06	1.3055154109566687e-06	0.0	0.0	0.0	0.0	2.6110308219133374e-06	1.3055154109566687e-06	2.6110308219133374e-06	0.0	0.0	2.6110308219133374e-06	0.0	0.0	1.3055154109566687e-06	0.0	0.0	0.0	0.0	0.0	0.0	0.0	0.0	0.0	0.0
1952-12-31	1.87175053308895e-05	7.199040511880576e-06	0.0	1.0078656716632808e-05	1.4398081023761154e-06	1.4398081023761154e-06	1.4398081023761154e-06	0.0	1.0078656716632808e-05	1.4398081023761154e-06	0.0	1.4398081023761154e-06	0.0	2.8796162047522307e-06	0.0	0.0	1.4398081023761154e-06	0.0	2.8796162047522307e-06	2.8796162047522307e-06	1.4398081023761154e-06	2.8796162047522307e-06	1.4398081023761154e-06	1.4398081023761154e-06	0.0	0.0	4.319424307128346e-06	0.0	0.0	0.0	0.0	0.0	0.0	0.0	0.0	0.0	0.0
1953-12-31	1.3808340237503452e-05	8.28500414250207e-06	4.142502071251035e-06	6.904170118751726e-06	2.0712510356255176e-06	3.452085059375863e-06	2.7616680475006905e-06	2.0712510356255176e-06	2.7616680475006905e-06	1.3808340237503452e-06	0.0	0.0	2.0712510356255176e-06	0.0	0.0	0.0	0.0	0.0	2.7616680475006905e-06	4.142502071251035e-06	3.452085059375863e-06	3.452085059375863e-06	0.0	1.3808340237503452e-06	0.0	0.0	5.523336095001381e-06	0.0	6.904170118751726e-07	0.0	0.0	0.0	0.0	0.0	0.0	0.0	0.0
1954-12-31	9.350668033302763e-06	5.754257251263239e-06	3.5964107820395246e-06	1.4385643128158098e-06	4.3156929384474295e-06	2.1578464692237148e-06	7.192821564079049e-07	7.192821564079049e-07	8.631385876894859e-06	0.0	0.0	0.0	1.4385643128158098e-06	0.0	7.192821564079049e-07	0.0	7.192821564079049e-07	0.0	5.0349750948553344e-06	2.8771286256316197e-06	3.5964107820395246e-06	7.192821564079049e-07	0.0	0.0	7.192821564079049e-07	0.0	2.8771286256316197e-06	0.0	0.0	0.0	0.0	0.0	0.0	0.0	0.0	0.0	0.0
1955-12-31	1.2572560313160291e-05	7.395623713623701e-07	4.4373742281742205e-06	1.109343557043555e-05	7.395623713623701e-07	2.9582494854494803e-06	0.0	0.0	1.2572560313160291e-05	0.0	0.0	0.0	2.2186871140871102e-06	1.4791247427247402e-06	0.0	0.0	0.0	0.0	2.9582494854494803e-06	7.395623713623701e-07	2.2186871140871102e-06	3.69781185681185e-06	0.0	7.395623713623701e-07	0.0	0.0	1.4791247427247402e-06	0.0	0.0	0.0	0.0	0.0	0.0	0.0	0.0	0.0	0.0
1956-12-31	8.18898997742072e-06	7.4445363431097465e-06	5.955629074487797e-06	1.2655711783286569e-05	5.211175440176822e-06	2.233360902932924e-06	1.4889072686219493e-06	1.4889072686219493e-06	8.933443611731696e-06	0.0	2.233360902932924e-06	0.0	0.0	7.444536343109747e-07	0.0	0.0	0.0	0.0	2.9778145372438987e-06	2.9778145372438987e-06	0.0	4.466721805865848e-06	2.233360902932924e-06	0.0	0.0	0.0	2.233360902932924e-06	0.0	0.0	0.0	0.0	0.0	0.0	0.0	0.0	0.0	1.4889072686219493e-06
1957-12-31	1.7952792772349253e-05	4.308670265363821e-06	4.308670265363821e-06	5.744893687151761e-06	4.308670265363821e-06	4.308670265363821e-06	2.1543351326819105e-06	1.4362234217879402e-06	7.181117108939701e-06	7.181117108939701e-07	7.181117108939701e-07	0.0	7.181117108939701e-07	7.181117108939701e-07	0.0	1.4362234217879402e-06	0.0	0.0	3.5905585544698506e-06	2.1543351326819105e-06	2.8724468435758803e-06	7.181117108939701e-07	1.4362234217879402e-06	7.181117108939701e-07	0.0	0.0	2.8724468435758803e-06	0.0	0.0	0.0	0.0	0.0	0.0	0.0	0.0	0.0	0.0
1958-12-31	1.936918162338133e-05	6.456393874460443e-06	5.0216396801359e-06	8.608525165947257e-06	1.4347541943245429e-06	2.152131291486814e-06	1.4347541943245429e-06	1.4347541943245429e-06	1.00432793602718e-05	0.0	0.0	0.0	1.4347541943245429e-06	7.173770971622714e-07	0.0	0.0	7.173770971622714e-07	0.0	6.456393874460443e-06	6.456393874460443e-06	1.4347541943245429e-06	4.304262582973628e-06	0.0	0.0	7.173770971622714e-07	0.0	2.152131291486814e-06	0.0	0.0	0.0	0.0	0.0	0.0	0.0	0.0	0.0	0.0
1959-12-31	2.3700349510448368e-05	9.061898342230259e-06	4.182414619490888e-06	1.1850174755224184e-05	2.788276412993926e-06	4.182414619490888e-06	1.394138206496963e-06	6.970691032484815e-07	1.3244312961721148e-05	6.970691032484815e-07	2.091207309745444e-06	0.0	6.970691032484815e-07	1.394138206496963e-06	0.0	6.970691032484815e-07	0.0	0.0	6.970691032484814e-06	4.87948372273937e-06	4.182414619490888e-06	1.394138206496963e-06	6.970691032484815e-07	0.0	6.970691032484815e-07	0.0	6.273621929236333e-06	0.0	0.0	0.0	0.0	1.394138206496963e-06	0.0	0.0	0.0	0.0	0.0
1960-12-31	2.4564506393790094e-05	1.052764559733861e-05	7.720273438048316e-06	1.89497620752095e-05	8.422116477870889e-06	4.211058238935444e-06	4.211058238935444e-06	7.018430398225741e-07	1.754607599556435e-05	1.4036860796451482e-06	2.8073721592902963e-06	2.8073721592902963e-06	1.4036860796451482e-06	6.316587358403166e-06	0.0	0.0	0.0	0.0	7.018430398225741e-07	1.4036860796451482e-06	2.8073721592902963e-06	5.614744318580593e-06	1.4036860796451482e-06	7.018430398225741e-07	7.018430398225741e-07	0.0	2.105529119467722e-06	0.0	0.0	0.0	0.0	0.0	0.0	0.0	0.0	0.0	0.0
1961-12-31	1.7519769965420353e-05	8.029894567484329e-06	1.2409837058839417e-05	8.029894567484329e-06	5.8399233218067845e-06	1.4599808304516961e-06	5.109932906580936e-06	7.299904152258481e-07	1.4599808304516961e-05	0.0	0.0	0.0	0.0	1.4599808304516961e-06	0.0	0.0	0.0	0.0	2.9199616609033922e-06	4.379942491355088e-06	0.0	7.299904152258481e-07	7.299904152258481e-07	0.0	0.0	0.0	3.6499520761292403e-06	0.0	0.0	0.0	0.0	0.0	0.0	0.0	0.0	0.0	0.0
1962-12-31	2.3221648091162384e-05	9.43379453703472e-06	7.256765028488245e-06	1.0159471039883543e-05	5.0797355199417715e-06	4.354059017092947e-06	4.71689726851736e-06	1.0885147542732367e-06	1.0522309291307955e-05	0.0	0.0	0.0	7.256765028488245e-07	3.6283825142441226e-07	0.0	0.0	3.6283825142441226e-07	0.0	2.1770295085464734e-06	3.6283825142441227e-06	1.8141912571220613e-06	2.1770295085464734e-06	1.0885147542732367e-06	7.256765028488245e-07	0.0	0.0	5.0797355199417715e-06	0.0	0.0	0.0	0.0	0.0	0.0	0.0	0.0	0.0	0.0
1963-12-31	1.725257895963739e-05	1.083301469558627e-05	5.617118731044732e-06	6.820787030554318e-06	3.611004898528756e-06	6.419564264051122e-06	3.209782132025561e-06	1.2036682995095855e-06	9.629346396076684e-06	2.0061138325159756e-06	8.024455330063903e-07	0.0	1.2036682995095855e-06	4.0122276650319513e-07	4.0122276650319513e-07	1.2036682995095855e-06	4.0122276650319513e-07	4.0122276650319513e-07	2.808559365522366e-06	4.814673198038342e-06	1.2036682995095855e-06	3.209782132025561e-06	1.2036682995095855e-06	0.0	0.0	0.0	3.209782132025561e-06	0.0	0.0	0.0	0.0	0.0	0.0	0.0	0.0	0.0	0.0
1964-12-31	3.266167324118931e-05	1.1431585634416258e-05	1.469775295853519e-05	7.348876479267595e-06	4.082709155148664e-06	4.899250986178397e-06	1.6330836620594654e-06	1.6330836620594654e-06	1.469775295853519e-05	1.6330836620594654e-06	8.165418310297327e-07	0.0	2.4496254930891983e-06	8.165418310297327e-07	8.165418310297327e-07	3.266167324118931e-06	0.0	0.0	9.798501972356793e-06	5.715792817208129e-06	5.715792817208129e-06	2.4496254930891983e-06	0.0	0.0	0.0	0.0	4.082709155148664e-06	0.0	0.0	0.0	0.0	0.0	0.0	0.0	0.0	0.0	8.165418310297327e-07
1965-12-31	2.3144342485191612e-05	8.778888528865784e-06	7.182726978162914e-06	1.3567373180974392e-05	9.576969304217218e-06	2.3942423260543044e-06	6.384646202811479e-06	1.5961615507028698e-06	1.4365453956325828e-05	0.0	0.0	0.0	7.980807753514349e-07	3.990403876757175e-06	1.5961615507028698e-06	0.0	7.980807753514349e-07	0.0	6.384646202811479e-06	5.586565427460044e-06	7.980807753514349e-07	3.990403876757175e-06	7.980807753514349e-07	7.980807753514349e-07	7.980807753514349e-07	0.0	3.1923231014057395e-06	0.0	0.0	0.0	0.0	0.0	0.0	0.0	0.0	0.0	0.0
1966-12-31	2.0283046152944685e-05	1.2395194871243974e-05	8.263463247495983e-06	1.0892747008062886e-05	8.263463247495983e-06	2.253671794771632e-06	3.0048957263621754e-06	1.5024478631810877e-06	1.9531822221354143e-05	3.756119657952719e-07	3.756119657952719e-07	0.0	7.512239315905438e-07	1.5024478631810877e-06	1.5024478631810877e-06	3.756119657952719e-07	0.0	3.756119657952719e-07	4.131731623747992e-06	4.131731623747992e-06	2.253671794771632e-06	1.8780598289763597e-06	3.756119657952719e-07	0.0	7.512239315905438e-07	0.0	2.629283760566904e-06	0.0	0.0	0.0	0.0	3.756119657952719e-07	0.0	0.0	0.0	0.0	0.0
1967-12-31	3.23223775165542e-05	1.3957390291239313e-05	5.142196423088168e-06	1.1018992335188932e-05	6.611395401113359e-06	2.938397956050382e-06	2.938397956050382e-06	2.203798467037786e-06	1.4691989780251908e-05	1.469198978025191e-06	0.0	7.345994890125955e-07	7.345994890125955e-07	1.469198978025191e-06	0.0	7.345994890125955e-07	1.469198978025191e-06	7.345994890125955e-07	2.938397956050382e-06	2.938397956050382e-06	4.407596934075572e-06	3.672997445062977e-06	0.0	0.0	0.0	0.0	3.672997445062977e-06	0.0	0.0	0.0	0.0	0.0	0.0	0.0	0.0	0.0	7.345994890125955e-07
1968-12-31	2.5372234683570517e-05	7.543096797818262e-06	1.3714721450578658e-05	1.0971777160462927e-05	5.4858885802314635e-06	2.7429442901157318e-06	4.800152507702531e-06	6.857360725289329e-07	2.1943554320925854e-05	1.3714721450578659e-06	1.3714721450578659e-06	1.3714721450578659e-06	2.0572082175867986e-06	3.4286803626446645e-06	6.857360725289329e-07	6.857360725289329e-07	1.3714721450578659e-06	0.0	6.857360725289329e-06	4.800152507702531e-06	1.3714721450578659e-06	2.7429442901157318e-06	1.3714721450578659e-06	0.0	0.0	0.0	4.114416435173597e-06	0.0	0.0	0.0	0.0	0.0	0.0	0.0	0.0	0.0	0.0
1969-12-31	2.5196349181615948e-05	9.614396398248191e-06	5.967556385119566e-06	1.1935112770239132e-05	8.28827275711051e-06	2.983778192559783e-06	4.309901833697465e-06	1.989185461706522e-06	1.79026691553587e-05	3.3153091028442035e-07	2.6522472822753628e-06	3.3153091028442035e-07	3.3153091028442035e-07	2.3207163719909424e-06	9.94592730853261e-07	6.630618205688407e-07	0.0	0.0	6.962149115972828e-06	2.3207163719909424e-06	2.983778192559783e-06	2.3207163719909424e-06	0.0	3.3153091028442035e-07	0.0	0.0	3.315309102844204e-06	0.0	0.0	0.0	0.0	0.0	0.0	0.0	0.0	0.0	3.3153091028442035e-07
1970-12-31	2.907604354588701e-05	1.1697258897770637e-05	9.357807118216509e-06	1.269988108900812e-05	3.676281367870771e-06	5.013110956187415e-06	3.3420739707916103e-06	6.68414794158322e-07	1.5039332868562247e-05	1.6710369853958051e-06	1.336829588316644e-06	1.0026221912374831e-06	1.0026221912374831e-06	2.673659176633288e-06	0.0	0.0	0.0	0.0	5.347318353266576e-06	3.676281367870771e-06	1.336829588316644e-06	2.0052443824749662e-06	6.68414794158322e-07	1.0026221912374831e-06	0.0	0.0	4.0104887649499325e-06	0.0	0.0	0.0	0.0	0.0	0.0	0.0	0.0	0.0	6.68414794158322e-07
1971-12-31	2.5230167941172424e-05	1.3106580748660998e-05	6.225625855613975e-06	1.245125171122795e-05	9.1746065240627e-06	2.293651631015675e-06	9.829935561495749e-07	2.293651631015675e-06	1.9332206604274972e-05	1.9659871122991497e-06	6.553290374330499e-07	6.553290374330499e-07	0.0	2.948980668448725e-06	6.553290374330499e-07	3.2766451871652496e-07	0.0	0.0	4.914967780747875e-06	3.9319742245982995e-06	2.6213161497321997e-06	3.2766451871652496e-06	9.829935561495749e-07	3.2766451871652496e-07	0.0	0.0	1.6383225935826248e-06	0.0	0.0	0.0	0.0	0.0	0.0	0.0	0.0	0.0	3.2766451871652496e-07
1972-12-31	3.068126796731806e-05	1.470144090100657e-05	1.18250720290705e-05	9.907492781113122e-06	5.752737743872136e-06	4.154755037240987e-06	4.793948119893447e-06	1.9175792479573788e-06	1.470144090100657e-05	1.2783861653049192e-06	1.2783861653049192e-06	6.391930826524596e-07	9.587896239786894e-07	1.2783861653049192e-06	0.0	6.391930826524596e-07	9.587896239786894e-07	6.391930826524596e-07	5.752737743872136e-06	2.876368871936068e-06	3.8351584959147575e-06	9.587896239786894e-07	1.9175792479573788e-06	3.195965413262298e-07	0.0	0.0	1.9175792479573788e-06	0.0	0.0	0.0	0.0	0.0	0.0	0.0	0.0	0.0	0.0
1973-12-31	2.845712128393472e-05	1.233141922303838e-05	9.485707094644907e-06	1.1699038750062052e-05	4.42666331083429e-06	5.691424256786945e-06	3.4780926013697993e-06	9.485707094644907e-07	1.4860941114943688e-05	1.2647609459526544e-06	9.485707094644907e-07	0.0	9.485707094644907e-07	2.213331655417145e-06	3.161902364881636e-07	9.485707094644907e-07	6.323804729763272e-07	0.0	5.691424256786945e-06	3.1619023648816358e-06	9.485707094644907e-07	2.213331655417145e-06	3.161902364881636e-07	9.485707094644907e-07	0.0	0.0	1.8971414189289814e-06	0.0	0.0	0.0	0.0	0.0	0.0	0.0	0.0	0.0	0.0
1974-12-31	2.4470605811704483e-05	1.4811156149189556e-05	1.2235302905852242e-05	1.1913321250435078e-05	3.863779865005971e-06	3.5417982095888068e-06	2.8978348987544783e-06	2.2538715879201498e-06	1.4811156149189556e-05	1.287926621668657e-06	3.2198165541716425e-07	3.2198165541716425e-07	6.439633108343285e-07	2.575853243337314e-06	9.659449662514928e-07	9.659449662514928e-07	3.2198165541716425e-07	3.2198165541716425e-07	4.829724831257464e-06	4.5077431758402995e-06	3.863779865005971e-06	1.9318899325029855e-06	6.439633108343285e-07	3.2198165541716425e-07	0.0	0.0	1.287926621668657e-06	0.0	0.0	0.0	0.0	0.0	0.0	0.0	0.0	0.0	3.2198165541716425e-07
1975-12-31	3.488610977237459e-05	1.5181918141681536e-05	1.0013605582811227e-05	1.1951722792387592e-05	6.460390698587887e-06	3.2301953492939437e-06	4.522273489011521e-06	9.690586047881832e-07	2.0027211165622453e-05	1.2920781397175776e-06	2.9071758143645495e-06	9.690586047881832e-07	0.0	2.2611367445057605e-06	3.230195349293944e-07	3.230195349293944e-07	6.460390698587888e-07	3.230195349293944e-07	5.16831255887031e-06	3.876234419152733e-06	1.2920781397175776e-06	1.2920781397175776e-06	1.2920781397175776e-06	3.230195349293944e-07	0.0	0.0	2.2611367445057605e-06	0.0	0.0	0.0	0.0	0.0	0.0	0.0	0.0	0.0	0.0
1976-12-31	3.50754121360926e-05	1.2955782861079248e-05	1.485175108465182e-05	1.6431724604295632e-05	5.6879046707177185e-06	2.211962927501335e-06	2.8439523353588593e-06	1.5799735196438108e-06	1.5799735196438107e-05	2.8439523353588593e-06	9.479841117862864e-07	3.159947039287622e-07	9.479841117862864e-07	3.475941743216384e-06	1.2639788157150487e-06	0.0	0.0	0.0	5.371909966788956e-06	1.5799735196438108e-06	6.319894078575244e-07	3.1599470392876216e-06	0.0	3.159947039287622e-07	0.0	0.0	3.475941743216384e-06	0.0	0.0	0.0	0.0	0.0	0.0	0.0	0.0	0.0	0.0
1977-12-31	3.823902539971028e-05	1.8637508178010053e-05	1.2210781220075553e-05	1.574548104693953e-05	7.3907360016246765e-06	6.7480633058312265e-06	2.5706907831738005e-06	9.640090436901752e-07	1.9280180873803506e-05	6.426726957934501e-07	2.8920271310705255e-06	1.6066817394836253e-06	3.2133634789672506e-07	1.2853453915869003e-06	3.2133634789672506e-07	6.426726957934501e-07	0.0	3.2133634789672506e-07	4.498708870554151e-06	3.2133634789672505e-06	1.2853453915869003e-06	1.9280180873803505e-06	0.0	6.426726957934501e-07	0.0	0.0	1.9280180873803505e-06	0.0	0.0	0.0	0.0	0.0	0.0	0.0	0.0	0.0	3.2133634789672506e-07
1978-12-31	2.650567652965492e-05	1.725951029837995e-05	1.5718482593167452e-05	1.695130475733745e-05	3.698466492509989e-06	3.39026095146749e-06	4.931288656679985e-06	3.0820554104249907e-06	2.1882593414017433e-05	1.2328221641699963e-06	9.246166231274973e-07	2.4656443283399927e-06	6.164110820849982e-07	4.623083115637486e-06	0.0	3.082055410424991e-07	0.0	1.2328221641699963e-06	5.239494197722484e-06	3.0820554104249907e-06	9.246166231274973e-07	1.2328221641699963e-06	9.246166231274973e-07	9.246166231274973e-07	3.082055410424991e-07	0.0	2.4656443283399927e-06	0.0	0.0	0.0	0.0	0.0	0.0	0.0	0.0	0.0	0.0
1979-12-31	3.6256317663352837e-05	1.6315342948508776e-05	8.459807454782329e-06	1.4502527065341136e-05	5.7405836300308666e-06	4.2299037273911645e-06	4.2299037273911645e-06	1.2085439221117614e-06	2.1753790598011703e-05	9.06407941583821e-07	3.0213598052794033e-06	1.5106799026397017e-06	6.042719610558807e-07	3.625631766335284e-06	9.06407941583821e-07	1.5106799026397017e-06	0.0	0.0	8.76194343531027e-06	3.0213598052794033e-06	1.2085439221117614e-06	2.719223824751463e-06	9.06407941583821e-07	0.0	3.0213598052794034e-07	0.0	4.5320397079191046e-06	0.0	0.0	0.0	0.0	6.042719610558807e-07	0.0	0.0	0.0	0.0	6.042719610558807e-07
1980-12-31	3.250780506025417e-05	1.5297790616590197e-05	1.5297790616590197e-05	1.3066862818337461e-05	4.461855596505474e-06	3.1870397117896248e-06	2.8683357406106622e-06	1.9122238270737747e-06	1.816612635720086e-05	9.561119135368873e-07	1.2748158847158499e-06	3.1870397117896246e-07	3.1870397117896246e-07	2.5496317694316997e-06	3.1870397117896246e-07	0.0	3.1870397117896246e-07	3.1870397117896246e-07	4.461855596505474e-06	1.9122238270737747e-06	9.561119135368873e-07	3.1870397117896246e-07	6.374079423579249e-07	0.0	0.0	0.0	2.230927798252737e-06	0.0	0.0	0.0	0.0	0.0	0.0	0.0	0.0	0.0	0.0
1981-12-31	3.520537643097282e-05	1.6093886368444716e-05	7.041075286194564e-06	1.7099754266472512e-05	3.688182292768581e-06	4.358760891453778e-06	4.694050190796376e-06	2.347025095398188e-06	2.380554025332448e-05	2.347025095398188e-06	2.6823143947407863e-06	1.3411571973703931e-06	0.0	3.688182292768581e-06	1.3411571973703931e-06	0.0	6.705785986851966e-07	3.352892993425983e-07	4.694050190796376e-06	1.6764464967129913e-06	2.0117357960555895e-06	1.3411571973703931e-06	3.352892993425983e-07	0.0	6.705785986851966e-07	0.0	4.358760891453778e-06	0.0	0.0	0.0	0.0	0.0	0.0	0.0	0.0	0.0	3.352892993425983e-07
1982-12-31	3.326433360134882e-05	1.4572946149162341e-05	1.330573344053953e-05	1.6156962034940855e-05	6.019260365958358e-06	3.4848349487127336e-06	1.9008190629342185e-06	1.9008190629342185e-06	2.407704146383343e-05	9.504095314671092e-07	1.5840158857785153e-06	1.2672127086228122e-06	3.1680317715570304e-07	3.1680317715570306e-06	1.2672127086228122e-06	3.1680317715570304e-07	0.0	3.1680317715570304e-07	7.603276251736874e-06	3.801638125868437e-06	1.9008190629342185e-06	1.9008190629342185e-06	0.0	3.1680317715570304e-07	3.1680317715570304e-07	0.0	3.4848349487127336e-06	0.0	0.0	0.0	0.0	0.0	0.0	0.0	0.0	0.0	3.1680317715570304e-07
1983-12-31	3.160757082784138e-05	1.5966711036744615e-05	2.6068099651827946e-06	1.955107473887096e-05	7.168727404252685e-06	4.236066193422041e-06	6.191173667309137e-06	2.6068099651827946e-06	2.5416397160532247e-05	6.517024912956986e-07	1.6292562282392464e-06	3.258512456478493e-07	6.517024912956986e-07	4.56191743906989e-06	1.3034049825913973e-06	3.258512456478493e-07	9.77553736943548e-07	0.0	1.0101388615083329e-05	4.236066193422041e-06	9.77553736943548e-07	2.280958719534945e-06	3.258512456478493e-07	3.258512456478493e-07	0.0	0.0	4.56191743906989e-06	0.0	0.0	0.0	0.0	0.0	0.0	0.0	0.0	0.0	6.517024912956986e-07
1984-12-31	3.448278859703442e-05	1.5647651968402176e-05	1.854536529588406e-05	1.3039709973668479e-05	6.954511985956522e-06	5.215883989467392e-06	7.534054651452899e-06	8.693139982445652e-07	2.2891935287106885e-05	8.693139982445652e-07	2.8977133274818842e-06	8.693139982445652e-07	8.693139982445652e-07	3.7670273257264494e-06	2.8977133274818843e-07	8.693139982445652e-07	2.8977133274818843e-07	0.0	8.403368649697465e-06	2.8977133274818842e-06	3.477255992978261e-06	2.607941994733696e-06	0.0	5.795426654963769e-07	8.693139982445652e-07	0.0	1.7386279964891305e-06	0.0	0.0	0.0	0.0	0.0	0.0	0.0	0.0	0.0	0.0
1985-12-31	2.944583798957675e-05	1.2702126191582128e-05	1.09700180745482e-05	1.4722918994788375e-05	4.6189549787571374e-06	4.907639664929459e-06	4.041585606412495e-06	1.1547387446892844e-06	2.0496612718234797e-05	2.3094774893785687e-06	2.0207928032062475e-06	1.1547387446892844e-06	1.1547387446892844e-06	3.752900920240174e-06	8.660540585169632e-07	2.886846861723211e-07	2.886846861723211e-07	5.773693723446422e-07	7.505801840480348e-06	5.19632435110178e-06	7.217117154308027e-06	2.3094774893785687e-06	8.660540585169632e-07	2.886846861723211e-07	0.0	0.0	4.041585606412495e-06	0.0	0.0	0.0	0.0	2.886846861723211e-07	0.0	0.0	0.0	0.0	2.886846861723211e-07
1986-12-31	2.829358798705697e-05	1.714762908306483e-05	1.3718103266451864e-05	1.5432866174758346e-05	8.573814541532415e-06	4.286907270766207e-06	4.572701088817288e-06	2.286350544408644e-06	2.286350544408644e-05	8.573814541532415e-07	2.0005567263575634e-06	5.71587636102161e-07	2.0005567263575634e-06	2.857938180510805e-06	2.857938180510805e-07	8.573814541532415e-07	0.0	0.0	7.144845451277012e-06	2.857938180510805e-06	8.573814541532415e-07	2.5721443624597247e-06	5.71587636102161e-07	2.857938180510805e-07	0.0	0.0	2.5721443624597247e-06	0.0	0.0	0.0	0.0	0.0	0.0	0.0	0.0	0.0	5.71587636102161e-07
1987-12-31	3.396576647007092e-05	1.2737162426276597e-05	1.1604970210607566e-05	1.2737162426276597e-05	3.6796247009243502e-06	7.925345509683216e-06	4.245720808758865e-06	4.528768862676123e-06	2.575737290647045e-05	5.660961078345154e-07	1.4152402695862886e-06	1.1321922156690308e-06	5.660961078345154e-07	3.6796247009243502e-06	0.0	8.491441617517731e-07	5.660961078345154e-07	8.491441617517731e-07	9.906681887104019e-06	4.245720808758865e-06	4.528768862676123e-06	2.5474324852553194e-06	2.830480539172577e-07	0.0	2.830480539172577e-07	0.0	4.245720808758865e-06	0.0	0.0	0.0	0.0	0.0	0.0	0.0	0.0	0.0	2.830480539172577e-07
1988-12-31	4.031214675800455e-05	2.070083211897531e-05	1.852179715908317e-05	1.9066555899056205e-05	3.2685524398382067e-06	7.626622359622482e-06	5.992346139703379e-06	1.6342762199191034e-06	2.7782695738624755e-05	1.6342762199191034e-06	2.7237936998651724e-06	1.6342762199191034e-06	2.179034959892138e-06	3.813311179811241e-06	1.089517479946069e-06	0.0	1.089517479946069e-06	0.0	7.626622359622482e-06	3.813311179811241e-06	2.179034959892138e-06	2.179034959892138e-06	0.0	1.6342762199191034e-06	1.089517479946069e-06	0.0	3.2685524398382067e-06	0.0	0.0	0.0	0.0	0.0	0.0	0.0	0.0	0.0	0.0
1989-12-31	3.531734399446224e-05	1.177244799815408e-05	9.417958398523264e-06	1.883591679704653e-05	7.652091198800152e-06	1.765867199723112e-06	4.120356799353928e-06	1.765867199723112e-06	2.354489599630816e-05	1.765867199723112e-06	1.765867199723112e-06	0.0	0.0	4.708979199261632e-06	5.88622399907704e-07	0.0	5.88622399907704e-07	5.88622399907704e-07	5.88622399907704e-06	5.88622399907704e-06	1.765867199723112e-06	4.120356799353928e-06	5.88622399907704e-07	0.0	0.0	0.0	5.88622399907704e-06	0.0	0.0	0.0	0.0	0.0	5.88622399907704e-07	0.0	0.0	0.0	1.177244799815408e-06
